time_ms , theta_ankle , theta_ankle_sp , force_loadcell , force_sp , motor_current
2931282.0 , -0.0298 , 0.0 , -0.082 , 0.147 , 0.0
2931292.0 , -0.0283 , 0.0 , -0.085 , 0.147 , 0.0
2931302.0 , -0.0287 , 0.0 , -0.087 , 0.147 , 0.0
2931312.0 , -0.0242 , 0.0 , -0.087 , 0.147 , 0.0
2931322.0 , -0.0308 , 0.0 , -0.087 , 0.147 , 0.0
2931332.0 , -0.0286 , 0.0 , -0.087 , 0.147 , 0.0
2931342.0 , -0.0305 , 0.0 , -0.09 , 0.147 , 0.0
2931352.0 , -0.0297 , 0.0 , -0.094 , 0.147 , 0.0
2931362.0 , -0.0267 , 0.0 , -0.094 , 0.147 , 0.0
2931372.0 , -0.028 , 0.0 , -0.102 , 0.147 , 0.0
2931382.0 , -0.0359 , 0.0 , -0.112 , 0.147 , 0.0
2931392.0 , -0.0285 , 0.0 , -0.12 , 0.147 , 0.0
2931402.0 , -0.0307 , 0.0 , -0.122 , 0.147 , 0.0
2931412.0 , -0.0343 , 0.0 , -0.117 , 0.147 , 0.0
2931422.0 , -0.0394 , 0.0 , -0.117 , 0.147 , 0.0
2931432.0 , -0.0253 , 0.0 , -0.11 , 0.147 , 0.0
2931442.0 , -0.03 , 0.0 , -0.108 , 0.147 , 0.0
2931452.0 , -0.0275 , 0.0 , -0.108 , 0.147 , 0.0
2931462.0 , -0.0308 , 0.0 , -0.112 , 0.147 , 0.0
2931472.0 , -0.0335 , 0.0 , -0.117 , 0.147 , 0.0
2931482.0 , -0.0347 , 0.0 , -0.117 , 0.147 , 0.0
2931492.0 , -0.0393 , 0.0 , -0.117 , 0.147 , 0.0
2931502.0 , -0.0267 , 0.0 , -0.114 , 0.147 , 0.0
2931512.0 , -0.0285 , 0.0 , -0.116 , 0.147 , 0.0
2931522.0 , -0.0301 , 0.0 , -0.122 , 0.147 , 0.0
2931532.0 , -0.0304 , 0.0 , -0.122 , 0.147 , 0.0
2931542.0 , -0.0277 , 0.0 , -0.126 , 0.147 , 0.0
2931552.0 , -0.0337 , 0.0 , -0.127 , 0.147 , 0.0
2931562.0 , -0.0385 , 0.0 , -0.126 , 0.147 , 0.0
2931572.0 , -0.0344 , 0.0 , -0.124 , 0.147 , 0.0
2931582.0 , -0.0292 , 0.0 , -0.121 , 0.147 , 0.0
2931592.0 , -0.0293 , 0.0 , -0.121 , 0.147 , 0.0
2931602.0 , -0.0297 , 0.0 , -0.117 , 0.147 , 0.0
2931612.0 , -0.0389 , 0.0 , -0.114 , 0.147 , 0.0
2931622.0 , -0.0302 , 0.0 , -0.114 , 0.147 , 0.0
2931632.0 , -0.0395 , 0.0 , -0.114 , 0.147 , 0.0
2931642.0 , -0.0354 , 0.0 , -0.113 , 0.147 , 0.0
2931652.0 , -0.0324 , 0.0 , -0.113 , 0.147 , 0.0
2931662.0 , -0.0381 , 0.0 , -0.108 , 0.147 , 0.0
2931672.0 , -0.0345 , 0.0 , -0.103 , 0.147 , 0.0
2931682.0 , -0.0294 , 0.0 , -0.099 , 0.147 , 0.0
2931692.0 , -0.0319 , 0.0 , -0.097 , 0.147 , 0.0
2931702.0 , -0.0288 , 0.0 , -0.097 , 0.147 , 0.0
2931712.0 , -0.0295 , 0.0 , -0.098 , 0.147 , 0.0
2931722.0 , -0.0387 , 0.0 , -0.097 , 0.147 , 0.0
2931732.0 , -0.0319 , 0.0 , -0.099 , 0.147 , 0.0
2931742.0 , -0.0324 , 0.0 , -0.101 , 0.147 , 0.0
2931752.0 , -0.0266 , 0.0 , -0.102 , 0.147 , 0.0
2931762.0 , -0.0268 , 0.0 , -0.102 , 0.147 , 0.0
2931772.0 , -0.0287 , 0.0 , -0.099 , 0.147 , 0.0
2931782.0 , -0.0343 , 0.0 , -0.093 , 0.147 , 0.0
2931792.0 , -0.0326 , 0.0 , -0.088 , 0.147 , 0.0
2931802.0 , -0.0287 , 0.0 , -0.088 , 0.147 , 0.0
2931812.0 , -0.0308 , 0.0 , -0.088 , 0.147 , 0.0
2931822.0 , -0.0245 , 0.0 , -0.088 , 0.147 , 0.0
2931832.0 , -0.0274 , 0.0 , -0.086 , 0.147 , 0.0
2931842.0 , -0.0326 , 0.0 , -0.084 , 0.147 , 0.0
2931852.0 , -0.0327 , 0.0 , -0.082 , 0.147 , 0.0
2931862.0 , -0.0412 , 0.0 , -0.076 , 0.147 , 0.0
2931872.0 , -0.0245 , 0.0 , -0.076 , 0.147 , 0.0
2931882.0 , -0.0341 , 0.0 , -0.074 , 0.147 , 0.0
2931892.0 , -0.03 , 0.0 , -0.08 , 0.147 , 0.0
2931902.0 , -0.0293 , 0.0 , -0.088 , 0.147 , 0.0
2931912.0 , -0.0311 , 0.0 , -0.091 , 0.147 , 0.0
2931922.0 , -0.0263 , 0.0 , -0.092 , 0.147 , 0.0
2931932.0 , -0.0317 , 0.0 , -0.092 , 0.147 , 0.0
2931942.0 , -0.0345 , 0.0 , -0.093 , 0.147 , 0.0
2931952.0 , -0.0302 , 0.0 , -0.095 , 0.147 , 0.0
2931962.0 , -0.0303 , 0.0 , -0.104 , 0.147 , 0.0
2931972.0 , -0.0297 , 0.0 , -0.117 , 0.147 , 0.0
2931982.0 , -0.0359 , 0.0 , -0.134 , 0.147 , 0.0
2931992.0 , -0.0318 , 0.0 , -0.134 , 0.147 , 0.0
2932002.0 , -0.0359 , 0.0 , -0.15 , 0.147 , 0.0
2932012.0 , -0.0382 , 0.0 , -0.165 , 0.147 , 0.0
2932022.0 , -0.0362 , 0.0 , -0.171 , 0.147 , 0.0
2932032.0 , -0.0373 , 0.0 , -0.167 , 0.147 , 0.0
2932042.0 , -0.0248 , 0.0 , -0.167 , 0.147 , 0.0
2932052.0 , -0.0346 , 0.0 , -0.161 , 0.147 , 0.0
2932062.0 , -0.0323 , 0.0 , -0.156 , 0.147 , 0.0
2932072.0 , -0.0329 , 0.0 , -0.154 , 0.147 , 0.0
2932082.0 , -0.0304 , 0.0 , -0.157 , 0.147 , 0.0
2932092.0 , -0.0345 , 0.0 , -0.167 , 0.147 , 0.0
2932102.0 , -0.0336 , 0.0 , -0.167 , 0.147 , 0.0
2932112.0 , -0.0272 , 0.0 , -0.176 , 0.147 , 0.0
2932122.0 , -0.0267 , 0.0 , -0.181 , 0.147 , 0.0
2932132.0 , -0.0321 , 0.0 , -0.182 , 0.147 , 0.0
2932142.0 , -0.0297 , 0.0 , -0.178 , 0.147 , 0.0
2932152.0 , -0.0259 , 0.0 , -0.175 , 0.147 , 0.0
2932162.0 , -0.0317 , 0.0 , -0.175 , 0.147 , 0.0
2932172.0 , -0.0353 , 0.0 , -0.172 , 0.147 , 0.0
2932182.0 , -0.0293 , 0.0 , -0.167 , 0.147 , 0.0
2932192.0 , -0.0312 , 0.0 , -0.167 , 0.147 , 0.0
2932202.0 , -0.0332 , 0.0 , -0.172 , 0.147 , 0.0
2932212.0 , -0.0308 , 0.0 , -0.172 , 0.147 , 0.0
2932222.0 , -0.03 , 0.0 , -0.18 , 0.147 , 0.0
2932232.0 , -0.0366 , 0.0 , -0.187 , 0.147 , 0.0
2932242.0 , -0.0312 , 0.0 , -0.19 , 0.147 , 0.0
2932252.0 , -0.0314 , 0.0 , -0.187 , 0.147 , 0.0
2932262.0 , -0.0268 , 0.0 , -0.183 , 0.147 , 0.0
2932272.0 , -0.0264 , 0.0 , -0.183 , 0.147 , 0.0
2932282.0 , -0.0269 , 0.0 , -0.18 , 0.147 , 0.0
2932292.0 , -0.0265 , 0.0 , -0.181 , 0.147 , 0.0
2932302.0 , -0.03 , 0.0 , -0.179 , 0.147 , 0.0
2932312.0 , -0.0304 , 0.0 , -0.177 , 0.147 , 0.0
2932322.0 , -0.029 , 0.0 , -0.178 , 0.147 , 0.0
2932332.0 , -0.0265 , 0.0 , -0.178 , 0.147 , 0.0
2932342.0 , -0.0255 , 0.0 , -0.181 , 0.147 , 0.0
2932352.0 , -0.0322 , 0.0 , -0.179 , 0.147 , 0.0
2932362.0 , -0.0296 , 0.0 , -0.174 , 0.147 , 0.0
2932372.0 , -0.0278 , 0.0 , -0.171 , 0.147 , 0.0
2932382.0 , -0.0324 , 0.0 , -0.171 , 0.147 , 0.0
2932392.0 , -0.0368 , 0.0 , -0.171 , 0.147 , 0.0
2932402.0 , -0.0299 , 0.0 , -0.175 , 0.147 , 0.0
2932412.0 , -0.0232 , 0.0 , -0.183 , 0.147 , 0.0
2932422.0 , -0.0346 , 0.0 , -0.192 , 0.147 , 0.0
2932432.0 , -0.031 , 0.0 , -0.199 , 0.147 , 0.0
2932442.0 , -0.0332 , 0.0 , -0.199 , 0.147 , 0.0
2932452.0 , -0.0377 , 0.0 , -0.201 , 0.147 , 0.0
2932462.0 , -0.0328 , 0.0 , -0.199 , 0.147 , 0.0
2932472.0 , -0.0275 , 0.0 , -0.195 , 0.147 , 0.0
2932482.0 , -0.0357 , 0.0 , -0.187 , 0.147 , 0.0
2932492.0 , -0.0389 , 0.0 , -0.181 , 0.147 , 0.0
2932502.0 , -0.0279 , 0.0 , -0.181 , 0.147 , 0.0
2932512.0 , -0.024 , 0.0 , -0.178 , 0.147 , 0.0
2932522.0 , -0.0339 , 0.0 , -0.175 , 0.147 , 0.0
2932532.0 , -0.0301 , 0.0 , -0.17 , 0.147 , 0.0
2932542.0 , -0.0291 , 0.0 , -0.165 , 0.147 , 0.0
2932552.0 , -0.0306 , 0.0 , -0.165 , 0.147 , 0.0
2932562.0 , -0.028 , 0.0 , -0.164 , 0.147 , 0.0
2932572.0 , -0.0332 , 0.0 , -0.168 , 0.147 , 0.0
2932582.0 , -0.0301 , 0.0 , -0.176 , 0.147 , 0.0
2932592.0 , -0.035 , 0.0 , -0.184 , 0.147 , 0.0
2932602.0 , -0.0287 , 0.0 , -0.187 , 0.147 , 0.0
2932612.0 , -0.0332 , 0.0 , -0.187 , 0.147 , 0.0
2932622.0 , -0.0348 , 0.0 , -0.186 , 0.147 , 0.0
2932632.0 , -0.0328 , 0.0 , -0.184 , 0.147 , 0.0
2932642.0 , -0.0329 , 0.0 , -0.179 , 0.147 , 0.0
2932652.0 , -0.0257 , 0.0 , -0.169 , 0.147 , 0.0
2932662.0 , -0.037 , 0.0 , -0.161 , 0.147 , 0.0
2932672.0 , -0.0352 , 0.0 , -0.161 , 0.147 , 0.0
2932682.0 , -0.0293 , 0.0 , -0.16 , 0.147 , 0.0
2932692.0 , -0.0337 , 0.0 , -0.163 , 0.147 , 0.0
2932702.0 , -0.0295 , 0.0 , -0.161 , 0.147 , 0.0
2932712.0 , -0.0332 , 0.0 , -0.158 , 0.147 , 0.0
2932722.0 , -0.0341 , 0.0 , -0.158 , 0.147 , 0.0
2932732.0 , -0.031 , 0.0 , -0.16 , 0.147 , 0.0
2932742.0 , -0.0289 , 0.0 , -0.165 , 0.147 , 0.0
2932752.0 , -0.0353 , 0.0 , -0.168 , 0.147 , 0.0
2932762.0 , -0.0305 , 0.0 , -0.17 , 0.147 , 0.0
2932772.0 , -0.0312 , 0.0 , -0.173 , 0.147 , 0.0
2932782.0 , -0.0269 , 0.0 , -0.173 , 0.147 , 0.0
2932792.0 , -0.0263 , 0.0 , -0.172 , 0.147 , 0.0
2932802.0 , -0.0253 , 0.0 , -0.168 , 0.147 , 0.0
2932812.0 , -0.0223 , 0.0 , -0.164 , 0.147 , 0.0
2932822.0 , -0.0267 , 0.0 , -0.163 , 0.147 , 0.0
2932832.0 , -0.0185 , 0.0 , -0.161 , 0.147 , 0.0
2932842.0 , -0.0291 , 0.0 , -0.161 , 0.147 , 0.0
2932852.0 , -0.0325 , 0.0 , -0.159 , 0.147 , 0.0
2932862.0 , -0.0243 , 0.0 , -0.159 , 0.147 , 0.0
2932872.0 , -0.0369 , 0.0 , -0.163 , 0.147 , 0.0
2932882.0 , -0.0284 , 0.0 , -0.165 , 0.147 , 0.0
2932892.0 , -0.0299 , 0.0 , -0.165 , 0.147 , 0.0
2932902.0 , -0.0255 , 0.0 , -0.166 , 0.147 , 0.0
2932912.0 , -0.0342 , 0.0 , -0.169 , 0.147 , 0.0
2932922.0 , -0.0301 , 0.0 , -0.169 , 0.147 , 0.0
2932932.0 , -0.0304 , 0.0 , -0.165 , 0.147 , 0.0
2932942.0 , -0.0325 , 0.0 , -0.16 , 0.147 , 0.0
2932952.0 , -0.0317 , 0.0 , -0.16 , 0.147 , 0.0
2932962.0 , -0.0297 , 0.0 , -0.158 , 0.147 , 0.0
2932972.0 , -0.0266 , 0.0 , -0.156 , 0.147 , 0.0
2932982.0 , -0.0354 , 0.0 , -0.154 , 0.147 , 0.0
2932992.0 , -0.0363 , 0.0 , -0.154 , 0.147 , 0.0
2933002.0 , -0.0303 , 0.0 , -0.155 , 0.147 , 0.0
2933012.0 , -0.0326 , 0.0 , -0.155 , 0.147 , 0.0
2933022.0 , -0.028 , 0.0 , -0.158 , 0.147 , 0.0
2933032.0 , -0.0356 , 0.0 , -0.16 , 0.147 , 0.0
2933042.0 , -0.0338 , 0.0 , -0.162 , 0.147 , 0.0
2933052.0 , -0.0312 , 0.0 , -0.165 , 0.147 , 0.0
2933062.0 , -0.0335 , 0.0 , -0.165 , 0.147 , 0.0
2933072.0 , -0.0319 , 0.0 , -0.167 , 0.147 , 0.0
2933082.0 , -0.0354 , 0.0 , -0.168 , 0.147 , 0.0
2933092.0 , -0.0352 , 0.0 , -0.169 , 0.147 , 0.0
2933102.0 , -0.039 , 0.0 , -0.17 , 0.147 , 0.0
2933112.0 , -0.0293 , 0.0 , -0.169 , 0.147 , 0.0
2933122.0 , -0.0342 , 0.0 , -0.169 , 0.147 , 0.0
2933132.0 , -0.0325 , 0.0 , -0.168 , 0.147 , 0.0
2933142.0 , -0.0276 , 0.0 , -0.167 , 0.147 , 0.0
2933152.0 , -0.0289 , 0.0 , -0.168 , 0.147 , 0.0
2933162.0 , -0.0278 , 0.0 , -0.171 , 0.147 , 0.0
2933172.0 , -0.0318 , 0.0 , -0.173 , 0.147 , 0.0
2933182.0 , -0.0264 , 0.0 , -0.173 , 0.147 , 0.0
2933192.0 , -0.0328 , 0.0 , -0.176 , 0.147 , 0.0
2933202.0 , -0.0272 , 0.0 , -0.177 , 0.147 , 0.0
2933212.0 , -0.0361 , 0.0 , -0.179 , 0.147 , 0.0
2933222.0 , -0.0285 , 0.0 , -0.178 , 0.147 , 0.0
2933232.0 , -0.0318 , 0.0 , -0.178 , 0.147 , 0.0
2933242.0 , -0.029 , 0.0 , -0.177 , 0.147 , 0.0
2933252.0 , -0.0274 , 0.0 , -0.176 , 0.147 , 0.0
2933262.0 , -0.0276 , 0.0 , -0.174 , 0.147 , 0.0
2933272.0 , -0.0347 , 0.0 , -0.173 , 0.147 , 0.0
2933282.0 , -0.0321 , 0.0 , -0.174 , 0.147 , 0.0
2933292.0 , -0.0315 , 0.0 , -0.174 , 0.147 , 0.0
2933302.0 , -0.0357 , 0.0 , -0.174 , 0.147 , 0.0
2933312.0 , -0.037 , 0.0 , -0.173 , 0.147 , 0.0
2933322.0 , -0.0334 , 0.0 , -0.174 , 0.147 , 0.0
2933332.0 , -0.0355 , 0.0 , -0.175 , 0.147 , 0.0
2933342.0 , -0.0242 , 0.0 , -0.176 , 0.147 , 0.0
2933352.0 , -0.0278 , 0.0 , -0.176 , 0.147 , 0.0
2933362.0 , -0.0376 , 0.0 , -0.177 , 0.147 , 0.0
2933372.0 , -0.033 , 0.0 , -0.176 , 0.147 , 0.0
2933382.0 , -0.028 , 0.0 , -0.176 , 0.147 , 0.0
2933392.0 , -0.0305 , 0.0 , -0.176 , 0.147 , 0.0
2933402.0 , -0.035 , 0.0 , -0.176 , 0.147 , 0.0
2933412.0 , -0.0326 , 0.0 , -0.174 , 0.147 , 0.0
2933422.0 , -0.0364 , 0.0 , -0.171 , 0.147 , 0.0
2933432.0 , -0.0297 , 0.0 , -0.169 , 0.147 , 0.0
2933442.0 , -0.0262 , 0.0 , -0.167 , 0.147 , 0.0
2933452.0 , -0.0324 , 0.0 , -0.167 , 0.147 , 0.0
2933462.0 , -0.0344 , 0.0 , -0.167 , 0.147 , 0.0
2933472.0 , -0.0285 , 0.0 , -0.167 , 0.147 , 0.0
2933482.0 , -0.0321 , 0.0 , -0.167 , 0.147 , 0.0
2933492.0 , -0.034 , 0.0 , -0.168 , 0.147 , 0.0
2933502.0 , -0.0377 , 0.0 , -0.167 , 0.147 , 0.0
2933512.0 , -0.0307 , 0.0 , -0.166 , 0.147 , 0.0
2933522.0 , -0.0323 , 0.0 , -0.166 , 0.147 , 0.0
2933532.0 , -0.0302 , 0.0 , -0.166 , 0.147 , 0.0
2933542.0 , -0.0376 , 0.0 , -0.166 , 0.147 , 0.0
2933552.0 , -0.0349 , 0.0 , -0.165 , 0.147 , 0.0
2933562.0 , -0.0269 , 0.0 , -0.164 , 0.147 , 0.0
2933572.0 , -0.0317 , 0.0 , -0.164 , 0.147 , 0.0
2933582.0 , -0.0304 , 0.0 , -0.163 , 0.147 , 0.0
2933592.0 , -0.0307 , 0.0 , -0.163 , 0.147 , 0.0
2933602.0 , -0.031 , 0.0 , -0.163 , 0.147 , 0.0
2933612.0 , -0.029 , 0.0 , -0.163 , 0.147 , 0.0
2933622.0 , -0.0338 , 0.0 , -0.164 , 0.147 , 0.0
2933632.0 , -0.032 , 0.0 , -0.164 , 0.147 , 0.0
2933642.0 , -0.0344 , 0.0 , -0.165 , 0.147 , 0.0
2933652.0 , -0.0295 , 0.0 , -0.166 , 0.147 , 0.0
2933662.0 , -0.0326 , 0.0 , -0.167 , 0.147 , 0.0
2933672.0 , -0.0316 , 0.0 , -0.166 , 0.147 , 0.0
2933682.0 , -0.025 , 0.0 , -0.166 , 0.147 , 0.0
2933692.0 , -0.0351 , 0.0 , -0.166 , 0.147 , 0.0
2933702.0 , -0.0279 , 0.0 , -0.166 , 0.147 , 0.0
2933712.0 , -0.036 , 0.0 , -0.166 , 0.147 , 0.0
2933722.0 , -0.037 , 0.0 , -0.166 , 0.147 , 0.0
2933732.0 , -0.0351 , 0.0 , -0.167 , 0.147 , 0.0
2933742.0 , -0.0329 , 0.0 , -0.167 , 0.147 , 0.0
2933752.0 , -0.0362 , 0.0 , -0.167 , 0.147 , 0.0
2933762.0 , -0.0346 , 0.0 , -0.167 , 0.147 , 0.0
2933772.0 , -0.0223 , 0.0 , -0.167 , 0.147 , 0.0
2933782.0 , -0.0344 , 0.0 , -0.169 , 0.147 , 0.0
2933792.0 , -0.0289 , 0.0 , -0.171 , 0.147 , 0.0
2933802.0 , -0.0342 , 0.0 , -0.171 , 0.147 , 0.0
2933812.0 , -0.0307 , 0.0 , -0.172 , 0.147 , 0.0
2933822.0 , -0.0354 , 0.0 , -0.172 , 0.147 , 0.0
2933832.0 , -0.0288 , 0.0 , -0.172 , 0.147 , 0.0
2933842.0 , -0.0329 , 0.0 , -0.173 , 0.147 , 0.0
2933852.0 , -0.0271 , 0.0 , -0.172 , 0.147 , 0.0
2933862.0 , -0.0253 , 0.0 , -0.172 , 0.147 , 0.0
2933872.0 , -0.0278 , 0.0 , -0.171 , 0.147 , 0.0
2933882.0 , -0.0288 , 0.0 , -0.171 , 0.147 , 0.0
2933892.0 , -0.0284 , 0.0 , -0.172 , 0.147 , 0.0
2933902.0 , -0.0299 , 0.0 , -0.172 , 0.147 , 0.0
2933912.0 , -0.0325 , 0.0 , -0.172 , 0.147 , 0.0
2933922.0 , -0.0282 , 0.0 , -0.173 , 0.147 , 0.0
2933932.0 , -0.0299 , 0.0 , -0.174 , 0.147 , 0.0
2933942.0 , -0.0318 , 0.0 , -0.175 , 0.147 , 0.0
2933952.0 , -0.0273 , 0.0 , -0.175 , 0.147 , 0.0
2933962.0 , -0.0319 , 0.0 , -0.175 , 0.147 , 0.0
2933972.0 , -0.0333 , 0.0 , -0.175 , 0.147 , 0.0
2933982.0 , -0.0303 , 0.0 , -0.176 , 0.147 , 0.0
2933992.0 , -0.0291 , 0.0 , -0.175 , 0.147 , 0.0
2934002.0 , -0.0275 , 0.0 , -0.175 , 0.147 , 0.0
2934012.0 , -0.033 , 0.0 , -0.177 , 0.147 , 0.0
2934022.0 , -0.0256 , 0.0 , -0.177 , 0.147 , 0.0
2934032.0 , -0.0302 , 0.0 , -0.177 , 0.147 , 0.0
2934042.0 , -0.0221 , 0.0 , -0.177 , 0.147 , 0.0
2934052.0 , -0.0308 , 0.0 , -0.178 , 0.147 , 0.0
2934062.0 , -0.0264 , 0.0 , -0.178 , 0.147 , 0.0
2934072.0 , -0.0356 , 0.0 , -0.179 , 0.147 , 0.0
2934082.0 , -0.0293 , 0.0 , -0.179 , 0.147 , 0.0
2934092.0 , -0.0382 , 0.0 , -0.18 , 0.147 , 0.0
2934102.0 , -0.0321 , 0.0 , -0.181 , 0.147 , 0.0
2934112.0 , -0.0331 , 0.0 , -0.183 , 0.147 , 0.0
2934122.0 , -0.0297 , 0.0 , -0.184 , 0.147 , 0.0
2934132.0 , -0.031 , 0.0 , -0.185 , 0.147 , 0.0
2934142.0 , -0.035 , 0.0 , -0.185 , 0.147 , 0.0
2934152.0 , -0.0319 , 0.0 , -0.185 , 0.147 , 0.0
2934162.0 , -0.0289 , 0.0 , -0.185 , 0.147 , 0.0
2934172.0 , -0.0326 , 0.0 , -0.185 , 0.147 , 0.0
2934182.0 , -0.0252 , 0.0 , -0.185 , 0.147 , 0.0
2934192.0 , -0.0267 , 0.0 , -0.186 , 0.147 , 0.0
2934202.0 , -0.0312 , 0.0 , -0.186 , 0.147 , 0.0
2934212.0 , -0.0338 , 0.0 , -0.186 , 0.147 , 0.0
2934222.0 , -0.0273 , 0.0 , -0.188 , 0.147 , 0.0
2934232.0 , -0.0309 , 0.0 , -0.189 , 0.147 , 0.0
2934242.0 , -0.0237 , 0.0 , -0.19 , 0.147 , 0.0
2934252.0 , -0.029 , 0.0 , -0.19 , 0.147 , 0.0
2934262.0 , -0.0335 , 0.0 , -0.19 , 0.147 , 0.0
2934272.0 , -0.0335 , 0.0 , -0.191 , 0.147 , 0.0
2934282.0 , -0.0292 , 0.0 , -0.191 , 0.147 , 0.0
2934292.0 , -0.0285 , 0.0 , -0.192 , 0.147 , 0.0
2934302.0 , -0.0265 , 0.0 , -0.192 , 0.147 , 0.0
2934312.0 , -0.0252 , 0.0 , -0.192 , 0.147 , 0.0
2934322.0 , -0.032 , 0.0 , -0.192 , 0.147 , 0.0
2934332.0 , -0.0277 , 0.0 , -0.192 , 0.147 , 0.0
2934342.0 , -0.0322 , 0.0 , -0.192 , 0.147 , 0.0
2934352.0 , -0.0286 , 0.0 , -0.192 , 0.147 , 0.0
2934362.0 , -0.0283 , 0.0 , -0.192 , 0.147 , 0.0
2934372.0 , -0.0272 , 0.0 , -0.192 , 0.147 , 0.0
2934382.0 , -0.031 , 0.0 , -0.192 , 0.147 , 0.0
2934392.0 , -0.0299 , 0.0 , -0.192 , 0.147 , 0.0
2934402.0 , -0.0335 , 0.0 , -0.192 , 0.147 , 0.0
2934412.0 , -0.0276 , 0.0 , -0.192 , 0.147 , 0.0
2934422.0 , -0.0337 , 0.0 , -0.192 , 0.147 , 0.0
2934432.0 , -0.0305 , 0.0 , -0.191 , 0.147 , 0.0
2934442.0 , -0.0229 , 0.0 , -0.19 , 0.147 , 0.0
2934452.0 , -0.0237 , 0.0 , -0.189 , 0.147 , 0.0
2934462.0 , -0.0266 , 0.0 , -0.189 , 0.147 , 0.0
2934472.0 , -0.0304 , 0.0 , -0.19 , 0.147 , 0.0
2934482.0 , -0.0322 , 0.0 , -0.19 , 0.147 , 0.0
2934492.0 , -0.0289 , 0.0 , -0.189 , 0.147 , 0.0
2934502.0 , -0.0286 , 0.0 , -0.189 , 0.147 , 0.0
2934512.0 , -0.0317 , 0.0 , -0.189 , 0.147 , 0.0
2934522.0 , -0.0285 , 0.0 , -0.189 , 0.147 , 0.0
2934532.0 , -0.0284 , 0.0 , -0.188 , 0.147 , 0.0
2934542.0 , -0.0317 , 0.0 , -0.188 , 0.147 , 0.0
2934552.0 , -0.0301 , 0.0 , -0.188 , 0.147 , 0.0
2934562.0 , -0.0363 , 0.0 , -0.188 , 0.147 , 0.0
2934572.0 , -0.0313 , 0.0 , -0.188 , 0.147 , 0.0
2934582.0 , -0.0304 , 0.0 , -0.188 , 0.147 , 0.0
2934592.0 , -0.0341 , 0.0 , -0.188 , 0.147 , 0.0
2934602.0 , -0.0332 , 0.0 , -0.189 , 0.147 , 0.0
2934612.0 , -0.0273 , 0.0 , -0.188 , 0.147 , 0.0
2934622.0 , -0.0317 , 0.0 , -0.189 , 0.147 , 0.0
2934632.0 , -0.027 , 0.0 , -0.189 , 0.147 , 0.0
2934642.0 , -0.0365 , 0.0 , -0.19 , 0.147 , 0.0
2934652.0 , -0.0322 , 0.0 , -0.19 , 0.147 , 0.0
2934662.0 , -0.0243 , 0.0 , -0.19 , 0.147 , 0.0
2934672.0 , -0.0343 , 0.0 , -0.189 , 0.147 , 0.0
2934682.0 , -0.0372 , 0.0 , -0.189 , 0.147 , 0.0
2934692.0 , -0.0412 , 0.0 , -0.188 , 0.147 , 0.0
2934702.0 , -0.0341 , 0.0 , -0.187 , 0.147 , 0.0
2934712.0 , -0.0283 , 0.0 , -0.187 , 0.147 , 0.0
2934722.0 , -0.0262 , 0.0 , -0.188 , 0.147 , 0.0
2934732.0 , -0.0336 , 0.0 , -0.188 , 0.147 , 0.0
2934742.0 , -0.0277 , 0.0 , -0.188 , 0.147 , 0.0
2934752.0 , -0.0283 , 0.0 , -0.187 , 0.147 , 0.0
2934762.0 , -0.0404 , 0.0 , -0.187 , 0.147 , 0.0
2934772.0 , -0.0258 , 0.0 , -0.186 , 0.147 , 0.0
2934782.0 , -0.0251 , 0.0 , -0.187 , 0.147 , 0.0
2934792.0 , -0.0317 , 0.0 , -0.187 , 0.147 , 0.0
2934802.0 , -0.035 , 0.0 , -0.187 , 0.147 , 0.0
2934812.0 , -0.0309 , 0.0 , -0.186 , 0.147 , 0.0
2934822.0 , -0.029 , 0.0 , -0.186 , 0.147 , 0.0
2934832.0 , -0.0284 , 0.0 , -0.187 , 0.147 , 0.0
2934842.0 , -0.0318 , 0.0 , -0.187 , 0.147 , 0.0
2934852.0 , -0.026 , 0.0 , -0.187 , 0.147 , 0.0
2934862.0 , -0.0353 , 0.0 , -0.187 , 0.147 , 0.0
2934872.0 , -0.0328 , 0.0 , -0.188 , 0.147 , 0.0
2934882.0 , -0.0272 , 0.0 , -0.188 , 0.147 , 0.0
2934892.0 , -0.0267 , 0.0 , -0.188 , 0.147 , 0.0
2934902.0 , -0.0263 , 0.0 , -0.187 , 0.147 , 0.0
2934912.0 , -0.0291 , 0.0 , -0.186 , 0.147 , 0.0
2934922.0 , -0.0272 , 0.0 , -0.186 , 0.147 , 0.0
2934932.0 , -0.0295 , 0.0 , -0.186 , 0.147 , 0.0
2934942.0 , -0.0258 , 0.0 , -0.186 , 0.147 , 0.0
2934952.0 , -0.0352 , 0.0 , -0.186 , 0.147 , 0.0
2934962.0 , -0.0284 , 0.0 , -0.186 , 0.147 , 0.0
2934972.0 , -0.0364 , 0.0 , -0.187 , 0.147 , 0.0
2934982.0 , -0.0317 , 0.0 , -0.187 , 0.147 , 0.0
2934992.0 , -0.0292 , 0.0 , -0.187 , 0.147 , 0.0
2935002.0 , -0.022 , 0.0 , -0.187 , 0.147 , 0.0
2935012.0 , -0.0378 , 0.0 , -0.186 , 0.147 , 0.0
2935022.0 , -0.026 , 0.0 , -0.187 , 0.147 , 0.0
2935032.0 , -0.0324 , 0.0 , -0.187 , 0.147 , 0.0
2935042.0 , -0.0372 , 0.0 , -0.188 , 0.147 , 0.0
2935052.0 , -0.0327 , 0.0 , -0.188 , 0.147 , 0.0
2935062.0 , -0.0332 , 0.0 , -0.189 , 0.147 , 0.0
2935072.0 , -0.0331 , 0.0 , -0.19 , 0.147 , 0.0
2935082.0 , -0.0294 , 0.0 , -0.19 , 0.147 , 0.0
2935092.0 , -0.0283 , 0.0 , -0.19 , 0.147 , 0.0
2935102.0 , -0.0345 , 0.0 , -0.19 , 0.147 , 0.0
2935112.0 , -0.0291 , 0.0 , -0.19 , 0.147 , 0.0
2935122.0 , -0.0304 , 0.0 , -0.19 , 0.147 , 0.0
2935132.0 , -0.0371 , 0.0 , -0.191 , 0.147 , 0.0
2935142.0 , -0.04 , 0.0 , -0.191 , 0.147 , 0.0
2935152.0 , -0.0333 , 0.0 , -0.191 , 0.147 , 0.0
2935162.0 , -0.0235 , 0.0 , -0.191 , 0.147 , 0.0
2935172.0 , -0.028 , 0.0 , -0.191 , 0.147 , 0.0
2935182.0 , -0.024 , 0.0 , -0.192 , 0.147 , 0.0
2935192.0 , -0.0238 , 0.0 , -0.192 , 0.147 , 0.0
2935202.0 , -0.0301 , 0.0 , -0.192 , 0.147 , 0.0
2935212.0 , -0.0282 , 0.0 , -0.192 , 0.147 , 0.0
2935222.0 , -0.0291 , 0.0 , -0.192 , 0.147 , 0.0
2935232.0 , -0.0293 , 0.0 , -0.192 , 0.147 , 0.0
2935242.0 , -0.0263 , 0.0 , -0.192 , 0.147 , 0.0
2935252.0 , -0.0272 , 0.0 , -0.192 , 0.147 , 0.0
2935262.0 , -0.0314 , 0.0 , -0.192 , 0.147 , 0.0
2935272.0 , -0.0378 , 0.0 , -0.192 , 0.147 , 0.0
2935282.0 , -0.0325 , 0.0 , -0.192 , 0.147 , 0.0
2935292.0 , -0.0286 , 0.0 , -0.193 , 0.147 , 0.0
2935302.0 , -0.031 , 0.0 , -0.192 , 0.147 , 0.0
2935312.0 , -0.0299 , 0.0 , -0.193 , 0.147 , 0.0
2935322.0 , -0.0281 , 0.0 , -0.192 , 0.147 , 0.0
2935332.0 , -0.037 , 0.0 , -0.192 , 0.147 , 0.0
2935342.0 , -0.034 , 0.0 , -0.192 , 0.147 , 0.0
2935352.0 , -0.0258 , 0.0 , -0.192 , 0.147 , 0.0
2935362.0 , -0.0322 , 0.0 , -0.192 , 0.147 , 0.0
2935372.0 , -0.035 , 0.0 , -0.192 , 0.147 , 0.0
2935382.0 , -0.025 , 0.0 , -0.192 , 0.147 , 0.0
2935392.0 , -0.0291 , 0.0 , -0.192 , 0.147 , 0.0
2935402.0 , -0.0278 , 0.0 , -0.192 , 0.147 , 0.0
2935412.0 , -0.0375 , 0.0 , -0.191 , 0.147 , 0.0
2935422.0 , -0.0299 , 0.0 , -0.19 , 0.147 , 0.0
2935432.0 , -0.0368 , 0.0 , -0.189 , 0.147 , 0.0
2935442.0 , -0.0358 , 0.0 , -0.189 , 0.147 , 0.0
2935452.0 , -0.0297 , 0.0 , -0.189 , 0.147 , 0.0
2935462.0 , -0.032 , 0.0 , -0.189 , 0.147 , 0.0
2935472.0 , -0.0302 , 0.0 , -0.189 , 0.147 , 0.0
2935482.0 , -0.0406 , 0.0 , -0.19 , 0.147 , 0.0
2935492.0 , -0.0291 , 0.0 , -0.19 , 0.147 , 0.0
2935502.0 , -0.0321 , 0.0 , -0.19 , 0.147 , 0.0
2935512.0 , -0.0366 , 0.0 , -0.19 , 0.147 , 0.0
2935522.0 , -0.0261 , 0.0 , -0.19 , 0.147 , 0.0
2935532.0 , -0.0338 , 0.0 , -0.19 , 0.147 , 0.0
2935542.0 , -0.0278 , 0.0 , -0.19 , 0.147 , 0.0
2935552.0 , -0.0266 , 0.0 , -0.189 , 0.147 , 0.0
2935562.0 , -0.0278 , 0.0 , -0.189 , 0.147 , 0.0
2935572.0 , -0.0281 , 0.0 , -0.19 , 0.147 , 0.0
2935582.0 , -0.0272 , 0.0 , -0.19 , 0.147 , 0.0
2935592.0 , -0.0262 , 0.0 , -0.19 , 0.147 , 0.0
2935602.0 , -0.0311 , 0.0 , -0.191 , 0.147 , 0.0
2935612.0 , -0.033 , 0.0 , -0.191 , 0.147 , 0.0
2935622.0 , -0.0287 , 0.0 , -0.19 , 0.147 , 0.0
2935632.0 , -0.0324 , 0.0 , -0.189 , 0.147 , 0.0
2935642.0 , -0.0344 , 0.0 , -0.188 , 0.147 , 0.0
2935652.0 , -0.0263 , 0.0 , -0.188 , 0.147 , 0.0
2935662.0 , -0.0304 , 0.0 , -0.188 , 0.147 , 0.0
2935672.0 , -0.0374 , 0.0 , -0.188 , 0.147 , 0.0
2935682.0 , -0.0253 , 0.0 , -0.189 , 0.147 , 0.0
2935692.0 , -0.0299 , 0.0 , -0.189 , 0.147 , 0.0
2935702.0 , -0.0311 , 0.0 , -0.189 , 0.147 , 0.0
2935712.0 , -0.0305 , 0.0 , -0.189 , 0.147 , 0.0
2935722.0 , -0.035 , 0.0 , -0.19 , 0.147 , 0.0
2935732.0 , -0.0342 , 0.0 , -0.19 , 0.147 , 0.0
2935742.0 , -0.0315 , 0.0 , -0.19 , 0.147 , 0.0
2935752.0 , -0.0251 , 0.0 , -0.191 , 0.147 , 0.0
2935762.0 , -0.0351 , 0.0 , -0.192 , 0.147 , 0.0
2935772.0 , -0.0367 , 0.0 , -0.192 , 0.147 , 0.0
2935782.0 , -0.0268 , 0.0 , -0.192 , 0.147 , 0.0
2935792.0 , -0.0336 , 0.0 , -0.191 , 0.147 , 0.0
2935802.0 , -0.0231 , 0.0 , -0.191 , 0.147 , 0.0
2935812.0 , -0.0262 , 0.0 , -0.191 , 0.147 , 0.0
2935822.0 , -0.0341 , 0.0 , -0.191 , 0.147 , 0.0
2935832.0 , -0.0368 , 0.0 , -0.191 , 0.147 , 0.0
2935842.0 , -0.0311 , 0.0 , -0.191 , 0.147 , 0.0
2935852.0 , -0.0317 , 0.0 , -0.192 , 0.147 , 0.0
2935862.0 , -0.0308 , 0.0 , -0.191 , 0.147 , 0.0
2935872.0 , -0.0292 , 0.0 , -0.19 , 0.147 , 0.0
2935882.0 , -0.0353 , 0.0 , -0.19 , 0.147 , 0.0
2935892.0 , -0.0338 , 0.0 , -0.191 , 0.147 , 0.0
2935902.0 , -0.028 , 0.0 , -0.191 , 0.147 , 0.0
2935912.0 , -0.0295 , 0.0 , -0.192 , 0.147 , 0.0
2935922.0 , -0.026 , 0.0 , -0.191 , 0.147 , 0.0
2935932.0 , -0.0327 , 0.0 , -0.191 , 0.147 , 0.0
2935942.0 , -0.0379 , 0.0 , -0.191 , 0.147 , 0.0
2935952.0 , -0.0321 , 0.0 , -0.191 , 0.147 , 0.0
2935962.0 , -0.03 , 0.0 , -0.191 , 0.147 , 0.0
2935972.0 , -0.0333 , 0.0 , -0.19 , 0.147 , 0.0
2935982.0 , -0.0215 , 0.0 , -0.191 , 0.147 , 0.0
2935992.0 , -0.0316 , 0.0 , -0.19 , 0.147 , 0.0
2936002.0 , -0.0281 , 0.0 , -0.191 , 0.147 , 0.0
2936012.0 , -0.0331 , 0.0 , -0.191 , 0.147 , 0.0
2936022.0 , -0.0267 , 0.0 , -0.191 , 0.147 , 0.0
2936032.0 , -0.0272 , 0.0 , -0.191 , 0.147 , 0.0
2936042.0 , -0.0283 , 0.0 , -0.191 , 0.147 , 0.0
2936052.0 , -0.0229 , 0.0 , -0.192 , 0.147 , 0.0
2936062.0 , -0.0294 , 0.0 , -0.191 , 0.147 , 0.0
2936072.0 , -0.038 , 0.0 , -0.191 , 0.147 , 0.0
2936082.0 , -0.0396 , 0.0 , -0.192 , 0.147 , 0.0
2936092.0 , -0.0278 , 0.0 , -0.192 , 0.147 , 0.0
2936102.0 , -0.0283 , 0.0 , -0.192 , 0.147 , 0.0
2936112.0 , -0.0357 , 0.0 , -0.191 , 0.147 , 0.0
2936122.0 , -0.0301 , 0.0 , -0.191 , 0.147 , 0.0
2936132.0 , -0.0316 , 0.0 , -0.191 , 0.147 , 0.0
2936142.0 , -0.0276 , 0.0 , -0.191 , 0.147 , 0.0
2936152.0 , -0.0293 , 0.0 , -0.191 , 0.147 , 0.0
2936162.0 , -0.0288 , 0.0 , -0.19 , 0.147 , 0.0
2936172.0 , -0.0279 , 0.0 , -0.19 , 0.147 , 0.0
2936182.0 , -0.0333 , 0.0 , -0.19 , 0.147 , 0.0
2936192.0 , -0.0306 , 0.0 , -0.189 , 0.147 , 0.0
2936202.0 , -0.034 , 0.0 , -0.189 , 0.147 , 0.0
2936212.0 , -0.0352 , 0.0 , -0.188 , 0.147 , 0.0
2936222.0 , -0.0306 , 0.0 , -0.188 , 0.147 , 0.0
2936232.0 , -0.0363 , 0.0 , -0.187 , 0.147 , 0.0
2936242.0 , -0.0334 , 0.0 , -0.187 , 0.147 , 0.0
2936252.0 , -0.0343 , 0.0 , -0.188 , 0.147 , 0.0
2936262.0 , -0.0384 , 0.0 , -0.189 , 0.147 , 0.0
2936272.0 , -0.0358 , 0.0 , -0.189 , 0.147 , 0.0
2936282.0 , -0.0239 , 0.0 , -0.188 , 0.147 , 0.0
2936292.0 , -0.0294 , 0.0 , -0.188 , 0.147 , 0.0
2936302.0 , -0.0306 , 0.0 , -0.187 , 0.147 , 0.0
2936312.0 , -0.0272 , 0.0 , -0.187 , 0.147 , 0.0
2936322.0 , -0.0423 , 0.0 , -0.187 , 0.147 , 0.0
2936332.0 , -0.031 , 0.0 , -0.188 , 0.147 , 0.0
2936342.0 , -0.0302 , 0.0 , -0.188 , 0.147 , 0.0
2936352.0 , -0.0332 , 0.0 , -0.188 , 0.147 , 0.0
2936362.0 , -0.0296 , 0.0 , -0.187 , 0.147 , 0.0
2936372.0 , -0.032 , 0.0 , -0.187 , 0.147 , 0.0
2936382.0 , -0.0307 , 0.0 , -0.188 , 0.147 , 0.0
2936392.0 , -0.0372 , 0.0 , -0.188 , 0.147 , 0.0
2936402.0 , -0.0341 , 0.0 , -0.187 , 0.147 , 0.0
2936412.0 , -0.0298 , 0.0 , -0.187 , 0.147 , 0.0
2936422.0 , -0.0282 , 0.0 , -0.187 , 0.147 , 0.0
2936432.0 , -0.0364 , 0.0 , -0.187 , 0.147 , 0.0
2936442.0 , -0.0332 , 0.0 , -0.186 , 0.147 , 0.0
2936452.0 , -0.0378 , 0.0 , -0.186 , 0.147 , 0.0
2936462.0 , -0.0295 , 0.0 , -0.187 , 0.147 , 0.0
2936472.0 , -0.0284 , 0.0 , -0.187 , 0.147 , 0.0
2936482.0 , -0.0287 , 0.0 , -0.187 , 0.147 , 0.0
2936492.0 , -0.0294 , 0.0 , -0.187 , 0.147 , 0.0
2936502.0 , -0.026 , 0.0 , -0.187 , 0.147 , 0.0
2936512.0 , -0.0316 , 0.0 , -0.188 , 0.147 , 0.0
2936522.0 , -0.0303 , 0.0 , -0.188 , 0.147 , 0.0
2936532.0 , -0.0354 , 0.0 , -0.187 , 0.147 , 0.0
2936542.0 , -0.0387 , 0.0 , -0.187 , 0.147 , 0.0
2936552.0 , -0.0324 , 0.0 , -0.186 , 0.147 , 0.0
2936562.0 , -0.0278 , 0.0 , -0.186 , 0.147 , 0.0
2936572.0 , -0.0351 , 0.0 , -0.187 , 0.147 , 0.0
2936582.0 , -0.035 , 0.0 , -0.187 , 0.147 , 0.0
2936592.0 , -0.0315 , 0.0 , -0.187 , 0.147 , 0.0
2936602.0 , -0.0358 , 0.0 , -0.187 , 0.147 , 0.0
2936612.0 , -0.0279 , 0.0 , -0.188 , 0.147 , 0.0
2936622.0 , -0.0295 , 0.0 , -0.188 , 0.147 , 0.0
2936632.0 , -0.0286 , 0.0 , -0.188 , 0.147 , 0.0
2936642.0 , -0.0336 , 0.0 , -0.188 , 0.147 , 0.0
2936652.0 , -0.0379 , 0.0 , -0.188 , 0.147 , 0.0
2936662.0 , -0.0344 , 0.0 , -0.188 , 0.147 , 0.0
2936672.0 , -0.0346 , 0.0 , -0.188 , 0.147 , 0.0
2936682.0 , -0.0347 , 0.0 , -0.187 , 0.147 , 0.0
2936692.0 , -0.0299 , 0.0 , -0.187 , 0.147 , 0.0
2936702.0 , -0.0301 , 0.0 , -0.187 , 0.147 , 0.0
2936712.0 , -0.0245 , 0.0 , -0.188 , 0.147 , 0.0
2936722.0 , -0.0322 , 0.0 , -0.188 , 0.147 , 0.0
2936732.0 , -0.0301 , 0.0 , -0.187 , 0.147 , 0.0
2936742.0 , -0.029 , 0.0 , -0.187 , 0.147 , 0.0
2936752.0 , -0.0259 , 0.0 , -0.187 , 0.147 , 0.0
2936762.0 , -0.0365 , 0.0 , -0.188 , 0.147 , 0.0
2936772.0 , -0.0375 , 0.0 , -0.188 , 0.147 , 0.0
2936782.0 , -0.0296 , 0.0 , -0.189 , 0.147 , 0.0
2936792.0 , -0.0344 , 0.0 , -0.189 , 0.147 , 0.0
2936802.0 , -0.0336 , 0.0 , -0.189 , 0.147 , 0.0
2936812.0 , -0.0269 , 0.0 , -0.189 , 0.147 , 0.0
2936822.0 , -0.029 , 0.0 , -0.189 , 0.147 , 0.0
2936832.0 , -0.0282 , 0.0 , -0.188 , 0.147 , 0.0
2936842.0 , -0.0301 , 0.0 , -0.188 , 0.147 , 0.0
2936852.0 , -0.0312 , 0.0 , -0.188 , 0.147 , 0.0
2936862.0 , -0.0231 , 0.0 , -0.188 , 0.147 , 0.0
2936872.0 , -0.0312 , 0.0 , -0.189 , 0.147 , 0.0
2936882.0 , -0.0296 , 0.0 , -0.188 , 0.147 , 0.0
2936892.0 , -0.0222 , 0.0 , -0.188 , 0.147 , 0.0
2936902.0 , -0.0324 , 0.0 , -0.187 , 0.147 , 0.0
2936912.0 , -0.0367 , 0.0 , -0.187 , 0.147 , 0.0
2936922.0 , -0.0358 , 0.0 , -0.187 , 0.147 , 0.0
2936932.0 , -0.0364 , 0.0 , -0.188 , 0.147 , 0.0
2936942.0 , -0.031 , 0.0 , -0.188 , 0.147 , 0.0
2936952.0 , -0.03 , 0.0 , -0.188 , 0.147 , 0.0
2936962.0 , -0.023 , 0.0 , -0.188 , 0.147 , 0.0
2936972.0 , -0.0309 , 0.0 , -0.189 , 0.147 , 0.0
2936982.0 , -0.0278 , 0.0 , -0.189 , 0.147 , 0.0
2936992.0 , -0.0268 , 0.0 , -0.189 , 0.147 , 0.0
2937002.0 , -0.027 , 0.0 , -0.188 , 0.147 , 0.0
2937012.0 , -0.0273 , 0.0 , -0.188 , 0.147 , 0.0
2937022.0 , -0.0238 , 0.0 , -0.188 , 0.147 , 0.0
2937032.0 , -0.0323 , 0.0 , -0.188 , 0.147 , 0.0
2937042.0 , -0.0286 , 0.0 , -0.188 , 0.147 , 0.0
2937052.0 , -0.0351 , 0.0 , -0.187 , 0.147 , 0.0
2937062.0 , -0.0288 , 0.0 , -0.187 , 0.147 , 0.0
2937072.0 , -0.0298 , 0.0 , -0.188 , 0.147 , 0.0
2937082.0 , -0.0305 , 0.0 , -0.186 , 0.147 , 0.0
2937092.0 , -0.0238 , 0.0 , -0.186 , 0.147 , 0.0
2937102.0 , -0.0256 , 0.0 , -0.186 , 0.147 , 0.0
2937112.0 , -0.0321 , 0.0 , -0.185 , 0.147 , 0.0
2937122.0 , -0.0282 , 0.0 , -0.185 , 0.147 , 0.0
2937132.0 , -0.0263 , 0.0 , -0.186 , 0.147 , 0.0
2937142.0 , -0.0301 , 0.0 , -0.186 , 0.147 , 0.0
2937152.0 , -0.0384 , 0.0 , -0.186 , 0.147 , 0.0
2937162.0 , -0.0254 , 0.0 , -0.185 , 0.147 , 0.0
2937172.0 , -0.0355 , 0.0 , -0.185 , 0.147 , 0.0
2937182.0 , -0.0304 , 0.0 , -0.186 , 0.147 , 0.0
2937192.0 , -0.0303 , 0.0 , -0.185 , 0.147 , 0.0
2937202.0 , -0.0327 , 0.0 , -0.185 , 0.147 , 0.0
2937212.0 , -0.029 , 0.0 , -0.185 , 0.147 , 0.0
2937222.0 , -0.0253 , 0.0 , -0.184 , 0.147 , 0.0
2937232.0 , -0.032 , 0.0 , -0.184 , 0.147 , 0.0
2937242.0 , -0.0408 , 0.0 , -0.185 , 0.147 , 0.0
2937252.0 , -0.0309 , 0.0 , -0.186 , 0.147 , 0.0
2937262.0 , -0.0269 , 0.0 , -0.186 , 0.147 , 0.0
2937272.0 , -0.0326 , 0.0 , -0.186 , 0.147 , 0.0
2937282.0 , -0.0361 , 0.0 , -0.185 , 0.147 , 0.0
2937292.0 , -0.0314 , 0.0 , -0.185 , 0.147 , 0.0
2937302.0 , -0.0338 , 0.0 , -0.185 , 0.147 , 0.0
2937312.0 , -0.0329 , 0.0 , -0.185 , 0.147 , 0.0
2937322.0 , -0.0378 , 0.0 , -0.185 , 0.147 , 0.0
2937332.0 , -0.0287 , 0.0 , -0.186 , 0.147 , 0.0
2937342.0 , -0.0256 , 0.0 , -0.186 , 0.147 , 0.0
2937352.0 , -0.0334 , 0.0 , -0.187 , 0.147 , 0.0
2937362.0 , -0.031 , 0.0 , -0.187 , 0.147 , 0.0
2937372.0 , -0.0417 , 0.0 , -0.187 , 0.147 , 0.0
2937382.0 , -0.0341 , 0.0 , -0.188 , 0.147 , 0.0
2937392.0 , -0.0286 , 0.0 , -0.187 , 0.147 , 0.0
2937402.0 , -0.0297 , 0.0 , -0.186 , 0.147 , 0.0
2937412.0 , -0.0268 , 0.0 , -0.185 , 0.147 , 0.0
2937422.0 , -0.0321 , 0.0 , -0.184 , 0.147 , 0.0
2937432.0 , -0.0306 , 0.0 , -0.184 , 0.147 , 0.0
2937442.0 , -0.0277 , 0.0 , -0.185 , 0.147 , 0.0
2937452.0 , -0.0272 , 0.0 , -0.187 , 0.147 , 0.0
2937462.0 , -0.0337 , 0.0 , -0.186 , 0.147 , 0.0
2937472.0 , -0.0243 , 0.0 , -0.186 , 0.147 , 0.0
2937482.0 , -0.0305 , 0.0 , -0.186 , 0.147 , 0.0
2937492.0 , -0.0296 , 0.0 , -0.186 , 0.147 , 0.0
2937502.0 , -0.0326 , 0.0 , -0.186 , 0.147 , 0.0
2937512.0 , -0.0275 , 0.0 , -0.186 , 0.147 , 0.0
2937522.0 , -0.0239 , 0.0 , -0.185 , 0.147 , 0.0
2937532.0 , -0.0338 , 0.0 , -0.185 , 0.147 , 0.0
2937542.0 , -0.0309 , 0.0 , -0.185 , 0.147 , 0.0
2937552.0 , -0.0264 , 0.0 , -0.185 , 0.147 , 0.0
2937562.0 , -0.0211 , 0.0 , -0.186 , 0.147 , 0.0
2937572.0 , -0.0323 , 0.0 , -0.185 , 0.147 , 0.0
2937582.0 , -0.0269 , 0.0 , -0.185 , 0.147 , 0.0
2937592.0 , -0.03 , 0.0 , -0.185 , 0.147 , 0.0
2937602.0 , -0.031 , 0.0 , -0.185 , 0.147 , 0.0
2937612.0 , -0.034 , 0.0 , -0.184 , 0.147 , 0.0
2937622.0 , -0.0293 , 0.0 , -0.183 , 0.147 , 0.0
2937632.0 , -0.0329 , 0.0 , -0.184 , 0.147 , 0.0
2937642.0 , -0.0351 , 0.0 , -0.185 , 0.147 , 0.0
2937652.0 , -0.0361 , 0.0 , -0.187 , 0.147 , 0.0
2937662.0 , -0.0241 , 0.0 , -0.187 , 0.147 , 0.0
2937672.0 , -0.0256 , 0.0 , -0.187 , 0.147 , 0.0
2937682.0 , -0.0329 , 0.0 , -0.186 , 0.147 , 0.0
2937692.0 , -0.0292 , 0.0 , -0.185 , 0.147 , 0.0
2937702.0 , -0.0309 , 0.0 , -0.183 , 0.147 , 0.0
2937712.0 , -0.0296 , 0.0 , -0.183 , 0.147 , 0.0
2937722.0 , -0.0342 , 0.0 , -0.183 , 0.147 , 0.0
2937732.0 , -0.0276 , 0.0 , -0.183 , 0.147 , 0.0
2937742.0 , -0.0292 , 0.0 , -0.184 , 0.147 , 0.0
2937752.0 , -0.0295 , 0.0 , -0.184 , 0.147 , 0.0
2937762.0 , -0.0356 , 0.0 , -0.185 , 0.147 , 0.0
2937772.0 , -0.0321 , 0.0 , -0.185 , 0.147 , 0.0
2937782.0 , -0.032 , 0.0 , -0.184 , 0.147 , 0.0
2937792.0 , -0.0359 , 0.0 , -0.184 , 0.147 , 0.0
2937802.0 , -0.0266 , 0.0 , -0.185 , 0.147 , 0.0
2937812.0 , -0.0366 , 0.0 , -0.185 , 0.147 , 0.0
2937822.0 , -0.0241 , 0.0 , -0.184 , 0.147 , 0.0
2937832.0 , -0.0348 , 0.0 , -0.184 , 0.147 , 0.0
2937842.0 , -0.0308 , 0.0 , -0.184 , 0.147 , 0.0
2937852.0 , -0.0334 , 0.0 , -0.185 , 0.147 , 0.0
2937862.0 , -0.0327 , 0.0 , -0.186 , 0.147 , 0.0
2937872.0 , -0.0359 , 0.0 , -0.187 , 0.147 , 0.0
2937882.0 , -0.0348 , 0.0 , -0.187 , 0.147 , 0.0
2937892.0 , -0.0272 , 0.0 , -0.187 , 0.147 , 0.0
2937902.0 , -0.0354 , 0.0 , -0.187 , 0.147 , 0.0
2937912.0 , -0.0247 , 0.0 , -0.188 , 0.147 , 0.0
2937922.0 , -0.0259 , 0.0 , -0.188 , 0.147 , 0.0
2937932.0 , -0.0305 , 0.0 , -0.189 , 0.147 , 0.0
2937942.0 , -0.0304 , 0.0 , -0.189 , 0.147 , 0.0
2937952.0 , -0.0304 , 0.0 , -0.19 , 0.147 , 0.0
2937962.0 , -0.0297 , 0.0 , -0.191 , 0.147 , 0.0
2937972.0 , -0.0305 , 0.0 , -0.192 , 0.147 , 0.0
2937982.0 , -0.0376 , 0.0 , -0.192 , 0.147 , 0.0
2937992.0 , -0.0259 , 0.0 , -0.193 , 0.147 , 0.0
2938002.0 , -0.0287 , 0.0 , -0.193 , 0.147 , 0.0
2938012.0 , -0.033 , 0.0 , -0.193 , 0.147 , 0.0
2938022.0 , -0.0348 , 0.0 , -0.194 , 0.147 , 0.0
2938032.0 , -0.0283 , 0.0 , -0.195 , 0.147 , 0.0
2938042.0 , -0.0362 , 0.0 , -0.196 , 0.147 , 0.0
2938052.0 , -0.0338 , 0.0 , -0.196 , 0.147 , 0.0
2938062.0 , -0.0318 , 0.0 , -0.197 , 0.147 , 0.0
2938072.0 , -0.0291 , 0.0 , -0.198 , 0.147 , 0.0
2938082.0 , -0.0297 , 0.0 , -0.198 , 0.147 , 0.0
2938092.0 , -0.0354 , 0.0 , -0.199 , 0.147 , 0.0
2938102.0 , -0.0318 , 0.0 , -0.198 , 0.147 , 0.0
2938112.0 , -0.0337 , 0.0 , -0.198 , 0.147 , 0.0
2938122.0 , -0.0351 , 0.0 , -0.198 , 0.147 , 0.0
2938132.0 , -0.0299 , 0.0 , -0.198 , 0.147 , 0.0
2938142.0 , -0.0315 , 0.0 , -0.197 , 0.147 , 0.0
2938152.0 , -0.0323 , 0.0 , -0.197 , 0.147 , 0.0
2938162.0 , -0.0287 , 0.0 , -0.197 , 0.147 , 0.0
2938172.0 , -0.0299 , 0.0 , -0.197 , 0.147 , 0.0
2938182.0 , -0.034 , 0.0 , -0.198 , 0.147 , 0.0
2938192.0 , -0.028 , 0.0 , -0.199 , 0.147 , 0.0
2938202.0 , -0.0276 , 0.0 , -0.199 , 0.147 , 0.0
2938212.0 , -0.0366 , 0.0 , -0.199 , 0.147 , 0.0
2938222.0 , -0.0292 , 0.0 , -0.199 , 0.147 , 0.0
2938232.0 , -0.0305 , 0.0 , -0.198 , 0.147 , 0.0
2938242.0 , -0.0325 , 0.0 , -0.198 , 0.147 , 0.0
2938252.0 , -0.0247 , 0.0 , -0.197 , 0.147 , 0.0
2938262.0 , -0.0205 , 0.0 , -0.196 , 0.147 , 0.0
2938272.0 , -0.0335 , 0.0 , -0.196 , 0.147 , 0.0
2938282.0 , -0.0294 , 0.0 , -0.196 , 0.147 , 0.0
2938292.0 , -0.0257 , 0.0 , -0.196 , 0.147 , 0.0
2938302.0 , -0.0397 , 0.0 , -0.196 , 0.147 , 0.0
2938312.0 , -0.03 , 0.0 , -0.196 , 0.147 , 0.0
2938322.0 , -0.0298 , 0.0 , -0.196 , 0.147 , 0.0
2938332.0 , -0.0325 , 0.0 , -0.196 , 0.147 , 0.0
2938342.0 , -0.0379 , 0.0 , -0.196 , 0.147 , 0.0
2938352.0 , -0.0246 , 0.0 , -0.196 , 0.147 , 0.0
2938362.0 , -0.0256 , 0.0 , -0.195 , 0.147 , 0.0
2938372.0 , -0.0299 , 0.0 , -0.195 , 0.147 , 0.0
2938382.0 , -0.0316 , 0.0 , -0.195 , 0.147 , 0.0
2938392.0 , -0.0266 , 0.0 , -0.195 , 0.147 , 0.0
2938402.0 , -0.0243 , 0.0 , -0.196 , 0.147 , 0.0
2938412.0 , -0.0289 , 0.0 , -0.196 , 0.147 , 0.0
2938422.0 , -0.0281 , 0.0 , -0.195 , 0.147 , 0.0
2938432.0 , -0.0296 , 0.0 , -0.195 , 0.147 , 0.0
2938442.0 , -0.0372 , 0.0 , -0.196 , 0.147 , 0.0
2938452.0 , -0.0368 , 0.0 , -0.196 , 0.147 , 0.0
2938462.0 , -0.03 , 0.0 , -0.196 , 0.147 , 0.0
2938472.0 , -0.0328 , 0.0 , -0.195 , 0.147 , 0.0
2938482.0 , -0.037 , 0.0 , -0.196 , 0.147 , 0.0
2938492.0 , -0.0252 , 0.0 , -0.197 , 0.147 , 0.0
2938502.0 , -0.0266 , 0.0 , -0.197 , 0.147 , 0.0
2938512.0 , -0.0283 , 0.0 , -0.197 , 0.147 , 0.0
2938522.0 , -0.0269 , 0.0 , -0.196 , 0.147 , 0.0
2938532.0 , -0.0304 , 0.0 , -0.196 , 0.147 , 0.0
2938542.0 , -0.031 , 0.0 , -0.196 , 0.147 , 0.0
2938552.0 , -0.0297 , 0.0 , -0.196 , 0.147 , 0.0
2938562.0 , -0.0298 , 0.0 , -0.196 , 0.147 , 0.0
2938572.0 , -0.0263 , 0.0 , -0.196 , 0.147 , 0.0
2938582.0 , -0.0404 , 0.0 , -0.196 , 0.147 , 0.0
2938592.0 , -0.0235 , 0.0 , -0.196 , 0.147 , 0.0
2938602.0 , -0.0305 , 0.0 , -0.196 , 0.147 , 0.0
2938612.0 , -0.0351 , 0.0 , -0.195 , 0.147 , 0.0
2938622.0 , -0.0277 , 0.0 , -0.195 , 0.147 , 0.0
2938632.0 , -0.0345 , 0.0 , -0.195 , 0.147 , 0.0
2938642.0 , -0.0273 , 0.0 , -0.195 , 0.147 , 0.0
2938652.0 , -0.0416 , 0.0 , -0.195 , 0.147 , 0.0
2938662.0 , -0.0349 , 0.0 , -0.196 , 0.147 , 0.0
2938672.0 , -0.0293 , 0.0 , -0.198 , 0.147 , 0.0
2938682.0 , -0.0299 , 0.0 , -0.198 , 0.147 , 0.0
2938692.0 , -0.0349 , 0.0 , -0.198 , 0.147 , 0.0
2938702.0 , -0.0273 , 0.0 , -0.198 , 0.147 , 0.0
2938712.0 , -0.032 , 0.0 , -0.197 , 0.147 , 0.0
2938722.0 , -0.0297 , 0.0 , -0.197 , 0.147 , 0.0
2938732.0 , -0.0302 , 0.0 , -0.197 , 0.147 , 0.0
2938742.0 , -0.031 , 0.0 , -0.196 , 0.147 , 0.0
2938752.0 , -0.03 , 0.0 , -0.196 , 0.147 , 0.0
2938762.0 , -0.0372 , 0.0 , -0.196 , 0.147 , 0.0
2938772.0 , -0.0353 , 0.0 , -0.196 , 0.147 , 0.0
2938782.0 , -0.0236 , 0.0 , -0.196 , 0.147 , 0.0
2938792.0 , -0.0297 , 0.0 , -0.196 , 0.147 , 0.0
2938802.0 , -0.0296 , 0.0 , -0.197 , 0.147 , 0.0
2938812.0 , -0.0276 , 0.0 , -0.196 , 0.147 , 0.0
2938822.0 , -0.0312 , 0.0 , -0.196 , 0.147 , 0.0
2938832.0 , -0.0354 , 0.0 , -0.195 , 0.147 , 0.0
2938842.0 , -0.0315 , 0.0 , -0.195 , 0.147 , 0.0
2938852.0 , -0.031 , 0.0 , -0.195 , 0.147 , 0.0
2938862.0 , -0.032 , 0.0 , -0.195 , 0.147 , 0.0
2938872.0 , -0.0283 , 0.0 , -0.195 , 0.147 , 0.0
2938882.0 , -0.0274 , 0.0 , -0.194 , 0.147 , 0.0
2938892.0 , -0.0249 , 0.0 , -0.195 , 0.147 , 0.0
2938902.0 , -0.0334 , 0.0 , -0.195 , 0.147 , 0.0
2938912.0 , -0.029 , 0.0 , -0.195 , 0.147 , 0.0
2938922.0 , -0.0306 , 0.0 , -0.195 , 0.147 , 0.0
2938932.0 , -0.0376 , 0.0 , -0.196 , 0.147 , 0.0
2938942.0 , -0.0329 , 0.0 , -0.196 , 0.147 , 0.0
2938952.0 , -0.0372 , 0.0 , -0.196 , 0.147 , 0.0
2938962.0 , -0.0272 , 0.0 , -0.196 , 0.147 , 0.0
2938972.0 , -0.0265 , 0.0 , -0.196 , 0.147 , 0.0
2938982.0 , -0.0308 , 0.0 , -0.195 , 0.147 , 0.0
2938992.0 , -0.0316 , 0.0 , -0.194 , 0.147 , 0.0
2939002.0 , -0.0279 , 0.0 , -0.194 , 0.147 , 0.0
2939012.0 , -0.0272 , 0.0 , -0.195 , 0.147 , 0.0
2939022.0 , -0.0357 , 0.0 , -0.195 , 0.147 , 0.0
2939032.0 , -0.0366 , 0.0 , -0.196 , 0.147 , 0.0
2939042.0 , -0.0346 , 0.0 , -0.196 , 0.147 , 0.0
2939052.0 , -0.0344 , 0.0 , -0.197 , 0.147 , 0.0
2939062.0 , -0.0267 , 0.0 , -0.198 , 0.147 , 0.0
2939072.0 , -0.0255 , 0.0 , -0.198 , 0.147 , 0.0
2939082.0 , -0.0278 , 0.0 , -0.197 , 0.147 , 0.0
2939092.0 , -0.0294 , 0.0 , -0.197 , 0.147 , 0.0
2939102.0 , -0.0274 , 0.0 , -0.197 , 0.147 , 0.0
2939112.0 , -0.0298 , 0.0 , -0.196 , 0.147 , 0.0
2939122.0 , -0.0279 , 0.0 , -0.195 , 0.147 , 0.0
2939132.0 , -0.0249 , 0.0 , -0.195 , 0.147 , 0.0
2939142.0 , -0.0267 , 0.0 , -0.195 , 0.147 , 0.0
2939152.0 , -0.0289 , 0.0 , -0.194 , 0.147 , 0.0
2939162.0 , -0.0306 , 0.0 , -0.194 , 0.147 , 0.0
2939172.0 , -0.029 , 0.0 , -0.193 , 0.147 , 0.0
2939182.0 , -0.0336 , 0.0 , -0.193 , 0.147 , 0.0
2939192.0 , -0.0256 , 0.0 , -0.193 , 0.147 , 0.0
2939202.0 , -0.0306 , 0.0 , -0.193 , 0.147 , 0.0
2939212.0 , -0.0273 , 0.0 , -0.194 , 0.147 , 0.0
2939222.0 , -0.0308 , 0.0 , -0.193 , 0.147 , 0.0
2939232.0 , -0.0345 , 0.0 , -0.194 , 0.147 , 0.0
2939242.0 , -0.0251 , 0.0 , -0.194 , 0.147 , 0.0
2939252.0 , -0.0278 , 0.0 , -0.194 , 0.147 , 0.0
2939262.0 , -0.0279 , 0.0 , -0.194 , 0.147 , 0.0
2939272.0 , -0.0295 , 0.0 , -0.193 , 0.147 , 0.0
2939282.0 , -0.0378 , 0.0 , -0.194 , 0.147 , 0.0
2939292.0 , -0.0317 , 0.0 , -0.193 , 0.147 , 0.0
2939302.0 , -0.0254 , 0.0 , -0.193 , 0.147 , 0.0
2939312.0 , -0.0353 , 0.0 , -0.193 , 0.147 , 0.0
2939322.0 , -0.0339 , 0.0 , -0.193 , 0.147 , 0.0
2939332.0 , -0.0269 , 0.0 , -0.194 , 0.147 , 0.0
2939342.0 , -0.0341 , 0.0 , -0.196 , 0.147 , 0.0
2939352.0 , -0.032 , 0.0 , -0.197 , 0.147 , 0.0
2939362.0 , -0.0281 , 0.0 , -0.197 , 0.147 , 0.0
2939372.0 , -0.0282 , 0.0 , -0.197 , 0.147 , 0.0
2939382.0 , -0.0262 , 0.0 , -0.197 , 0.147 , 0.0
2939392.0 , -0.0314 , 0.0 , -0.196 , 0.147 , 0.0
2939402.0 , -0.0294 , 0.0 , -0.196 , 0.147 , 0.0
2939412.0 , -0.0363 , 0.0 , -0.196 , 0.147 , 0.0
2939422.0 , -0.0311 , 0.0 , -0.196 , 0.147 , 0.0
2939432.0 , -0.0342 , 0.0 , -0.196 , 0.147 , 0.0
2939442.0 , -0.019 , 0.0 , -0.197 , 0.147 , 0.0
2939452.0 , -0.0275 , 0.0 , -0.197 , 0.147 , 0.0
2939462.0 , -0.0289 , 0.0 , -0.197 , 0.147 , 0.0
2939472.0 , -0.0369 , 0.0 , -0.197 , 0.147 , 0.0
2939482.0 , -0.0308 , 0.0 , -0.197 , 0.147 , 0.0
2939492.0 , -0.0285 , 0.0 , -0.197 , 0.147 , 0.0
2939502.0 , -0.0322 , 0.0 , -0.196 , 0.147 , 0.0
2939512.0 , -0.0292 , 0.0 , -0.196 , 0.147 , 0.0
2939522.0 , -0.0338 , 0.0 , -0.195 , 0.147 , 0.0
2939532.0 , -0.0341 , 0.0 , -0.195 , 0.147 , 0.0
2939542.0 , -0.0299 , 0.0 , -0.195 , 0.147 , 0.0
2939552.0 , -0.0342 , 0.0 , -0.194 , 0.147 , 0.0
2939562.0 , -0.0313 , 0.0 , -0.194 , 0.147 , 0.0
2939572.0 , -0.0337 , 0.0 , -0.195 , 0.147 , 0.0
2939582.0 , -0.0297 , 0.0 , -0.195 , 0.147 , 0.0
2939592.0 , -0.0308 , 0.0 , -0.195 , 0.147 , 0.0
2939602.0 , -0.0362 , 0.0 , -0.195 , 0.147 , 0.0
2939612.0 , -0.0371 , 0.0 , -0.195 , 0.147 , 0.0
2939622.0 , -0.0334 , 0.0 , -0.194 , 0.147 , 0.0
2939632.0 , -0.0312 , 0.0 , -0.194 , 0.147 , 0.0
2939642.0 , -0.0345 , 0.0 , -0.194 , 0.147 , 0.0
2939652.0 , -0.028 , 0.0 , -0.195 , 0.147 , 0.0
2939662.0 , -0.0363 , 0.0 , -0.195 , 0.147 , 0.0
2939672.0 , -0.0285 , 0.0 , -0.194 , 0.147 , 0.0
2939682.0 , -0.0382 , 0.0 , -0.194 , 0.147 , 0.0
2939692.0 , -0.0277 , 0.0 , -0.194 , 0.147 , 0.0
2939702.0 , -0.032 , 0.0 , -0.194 , 0.147 , 0.0
2939712.0 , -0.0301 , 0.0 , -0.194 , 0.147 , 0.0
2939722.0 , -0.0348 , 0.0 , -0.195 , 0.147 , 0.0
2939732.0 , -0.0319 , 0.0 , -0.194 , 0.147 , 0.0
2939742.0 , -0.0344 , 0.0 , -0.194 , 0.147 , 0.0
2939752.0 , -0.0343 , 0.0 , -0.194 , 0.147 , 0.0
2939762.0 , -0.0277 , 0.0 , -0.194 , 0.147 , 0.0
2939772.0 , -0.0271 , 0.0 , -0.194 , 0.147 , 0.0
2939782.0 , -0.0347 , 0.0 , -0.192 , 0.147 , 0.0
2939792.0 , -0.0231 , 0.0 , -0.192 , 0.147 , 0.0
2939802.0 , -0.0339 , 0.0 , -0.192 , 0.147 , 0.0
2939812.0 , -0.0314 , 0.0 , -0.192 , 0.147 , 0.0
2939822.0 , -0.0265 , 0.0 , -0.191 , 0.147 , 0.0
2939832.0 , -0.0265 , 0.0 , -0.191 , 0.147 , 0.0
2939842.0 , -0.0294 , 0.0 , -0.192 , 0.147 , 0.0
2939852.0 , -0.0318 , 0.0 , -0.192 , 0.147 , 0.0
2939862.0 , -0.0229 , 0.0 , -0.192 , 0.147 , 0.0
2939872.0 , -0.0288 , 0.0 , -0.192 , 0.147 , 0.0
2939882.0 , -0.0291 , 0.0 , -0.192 , 0.147 , 0.0
2939892.0 , -0.0251 , 0.0 , -0.192 , 0.147 , 0.0
2939902.0 , -0.0286 , 0.0 , -0.192 , 0.147 , 0.0
2939912.0 , -0.0409 , 0.0 , -0.192 , 0.147 , 0.0
2939922.0 , -0.0277 , 0.0 , -0.192 , 0.147 , 0.0
2939932.0 , -0.0365 , 0.0 , -0.192 , 0.147 , 0.0
2939942.0 , -0.0348 , 0.0 , -0.191 , 0.147 , 0.0
2939952.0 , -0.0241 , 0.0 , -0.192 , 0.147 , 0.0
2939962.0 , -0.0289 , 0.0 , -0.192 , 0.147 , 0.0
2939972.0 , -0.0379 , 0.0 , -0.191 , 0.147 , 0.0
2939982.0 , -0.0279 , 0.0 , -0.191 , 0.147 , 0.0
2939992.0 , -0.0286 , 0.0 , -0.191 , 0.147 , 0.0
2940002.0 , -0.0286 , 0.0 , -0.191 , 0.147 , 0.0
2940012.0 , -0.0335 , 0.0 , -0.191 , 0.147 , 0.0
2940022.0 , -0.0284 , 0.0 , -0.19 , 0.147 , 0.0
2940032.0 , -0.032 , 0.0 , -0.188 , 0.147 , 0.0
2940042.0 , -0.0262 , 0.0 , -0.188 , 0.147 , 0.0
2940052.0 , -0.0319 , 0.0 , -0.187 , 0.147 , 0.0
2940062.0 , -0.0242 , 0.0 , -0.186 , 0.147 , 0.0
2940072.0 , -0.0308 , 0.0 , -0.187 , 0.147 , 0.0
2940082.0 , -0.0318 , 0.0 , -0.186 , 0.147 , 0.0
2940092.0 , -0.031 , 0.0 , -0.186 , 0.147 , 0.0
2940102.0 , -0.0374 , 0.0 , -0.187 , 0.147 , 0.0
2940112.0 , -0.0233 , 0.0 , -0.187 , 0.147 , 0.0
2940122.0 , -0.0292 , 0.0 , -0.187 , 0.147 , 0.0
2940132.0 , -0.0271 , 0.0 , -0.187 , 0.147 , 0.0
2940142.0 , -0.0352 , 0.0 , -0.187 , 0.147 , 0.0
2940152.0 , -0.0356 , 0.0 , -0.187 , 0.147 , 0.0
2940162.0 , -0.0238 , 0.0 , -0.187 , 0.147 , 0.0
2940172.0 , -0.0375 , 0.0 , -0.188 , 0.147 , 0.0
2940182.0 , -0.0332 , 0.0 , -0.187 , 0.147 , 0.0
2940192.0 , -0.0258 , 0.0 , -0.187 , 0.147 , 0.0
2940202.0 , -0.0308 , 0.0 , -0.185 , 0.147 , 0.0
2940212.0 , -0.0318 , 0.0 , -0.185 , 0.147 , 0.0
2940222.0 , -0.0308 , 0.0 , -0.185 , 0.147 , 0.0
2940232.0 , -0.0343 , 0.0 , -0.184 , 0.147 , 0.0
2940242.0 , -0.0388 , 0.0 , -0.183 , 0.147 , 0.0
2940252.0 , -0.0238 , 0.0 , -0.182 , 0.147 , 0.0
2940262.0 , -0.0288 , 0.0 , -0.182 , 0.147 , 0.0
2940272.0 , -0.0372 , 0.0 , -0.182 , 0.147 , 0.0
2940282.0 , -0.033 , 0.0 , -0.182 , 0.147 , 0.0
2940292.0 , -0.036 , 0.0 , -0.182 , 0.147 , 0.0
2940302.0 , -0.03 , 0.0 , -0.182 , 0.147 , 0.0
2940312.0 , -0.0252 , 0.0 , -0.181 , 0.147 , 0.0
2940322.0 , -0.0246 , 0.0 , -0.181 , 0.147 , 0.0
2940332.0 , -0.0311 , 0.0 , -0.181 , 0.147 , 0.0
2940342.0 , -0.0274 , 0.0 , -0.181 , 0.147 , 0.0
2940352.0 , -0.0287 , 0.0 , -0.18 , 0.147 , 0.0
2940362.0 , -0.0305 , 0.0 , -0.18 , 0.147 , 0.0
2940372.0 , -0.0277 , 0.0 , -0.178 , 0.147 , 0.0
2940382.0 , -0.0275 , 0.0 , -0.178 , 0.147 , 0.0
2940392.0 , -0.027 , 0.0 , -0.179 , 0.147 , 0.0
2940402.0 , -0.0297 , 0.0 , -0.179 , 0.147 , 0.0
2940412.0 , -0.0312 , 0.0 , -0.18 , 0.147 , 0.0
2940422.0 , -0.0344 , 0.0 , -0.179 , 0.147 , 0.0
2940432.0 , -0.0272 , 0.0 , -0.179 , 0.147 , 0.0
2940442.0 , -0.032 , 0.0 , -0.179 , 0.147 , 0.0
2940452.0 , -0.028 , 0.0 , -0.179 , 0.147 , 0.0
2940462.0 , -0.0292 , 0.0 , -0.179 , 0.147 , 0.0
2940472.0 , -0.0342 , 0.0 , -0.178 , 0.147 , 0.0
2940482.0 , -0.0376 , 0.0 , -0.178 , 0.147 , 0.0
2940492.0 , -0.0328 , 0.0 , -0.178 , 0.147 , 0.0
2940502.0 , -0.0308 , 0.0 , -0.178 , 0.147 , 0.0
2940512.0 , -0.0304 , 0.0 , -0.178 , 0.147 , 0.0
2940522.0 , -0.0341 , 0.0 , -0.177 , 0.147 , 0.0
2940532.0 , -0.0256 , 0.0 , -0.177 , 0.147 , 0.0
2940542.0 , -0.0248 , 0.0 , -0.177 , 0.147 , 0.0
2940552.0 , -0.0334 , 0.0 , -0.177 , 0.147 , 0.0
2940562.0 , -0.0287 , 0.0 , -0.177 , 0.147 , 0.0
2940572.0 , -0.0379 , 0.0 , -0.179 , 0.147 , 0.0
2940582.0 , -0.03 , 0.0 , -0.18 , 0.147 , 0.0
2940592.0 , -0.0322 , 0.0 , -0.181 , 0.147 , 0.0
2940602.0 , -0.0274 , 0.0 , -0.181 , 0.147 , 0.0
2940612.0 , -0.0295 , 0.0 , -0.182 , 0.147 , 0.0
2940622.0 , -0.0421 , 0.0 , -0.181 , 0.147 , 0.0
2940632.0 , -0.03 , 0.0 , -0.182 , 0.147 , 0.0
2940642.0 , -0.0279 , 0.0 , -0.182 , 0.147 , 0.0
2940652.0 , -0.0319 , 0.0 , -0.182 , 0.147 , 0.0
2940662.0 , -0.032 , 0.0 , -0.182 , 0.147 , 0.0
2940672.0 , -0.0332 , 0.0 , -0.182 , 0.147 , 0.0
2940682.0 , -0.0371 , 0.0 , -0.183 , 0.147 , 0.0
2940692.0 , -0.0378 , 0.0 , -0.183 , 0.147 , 0.0
2940702.0 , -0.0317 , 0.0 , -0.183 , 0.147 , 0.0
2940712.0 , -0.0254 , 0.0 , -0.183 , 0.147 , 0.0
2940722.0 , -0.0274 , 0.0 , -0.183 , 0.147 , 0.0
2940732.0 , -0.0317 , 0.0 , -0.181 , 0.147 , 0.0
2940742.0 , -0.0246 , 0.0 , -0.181 , 0.147 , 0.0
2940752.0 , -0.0297 , 0.0 , -0.182 , 0.147 , 0.0
2940762.0 , -0.0308 , 0.0 , -0.182 , 0.147 , 0.0
2940772.0 , -0.0304 , 0.0 , -0.182 , 0.147 , 0.0
2940782.0 , -0.0373 , 0.0 , -0.183 , 0.147 , 0.0
2940792.0 , -0.0332 , 0.0 , -0.184 , 0.147 , 0.0
2940802.0 , -0.0364 , 0.0 , -0.183 , 0.147 , 0.0
2940812.0 , -0.0309 , 0.0 , -0.181 , 0.147 , 0.0
2940822.0 , -0.0354 , 0.0 , -0.18 , 0.147 , 0.0
2940832.0 , -0.0311 , 0.0 , -0.18 , 0.147 , 0.0
2940842.0 , -0.0331 , 0.0 , -0.18 , 0.147 , 0.0
2940852.0 , -0.0285 , 0.0 , -0.18 , 0.147 , 0.0
2940862.0 , -0.0296 , 0.0 , -0.182 , 0.147 , 0.0
2940872.0 , -0.0307 , 0.0 , -0.184 , 0.147 , 0.0
2940882.0 , -0.0328 , 0.0 , -0.185 , 0.147 , 0.0
2940892.0 , -0.0229 , 0.0 , -0.185 , 0.147 , 0.0
2940902.0 , -0.0311 , 0.0 , -0.184 , 0.147 , 0.0
2940912.0 , -0.0317 , 0.0 , -0.182 , 0.147 , 0.0
2940922.0 , -0.0299 , 0.0 , -0.18 , 0.147 , 0.0
2940932.0 , -0.0407 , 0.0 , -0.18 , 0.147 , 0.0
2940942.0 , -0.0305 , 0.0 , -0.18 , 0.147 , 0.0
2940952.0 , -0.0297 , 0.0 , -0.182 , 0.147 , 0.0
2940962.0 , -0.0263 , 0.0 , -0.182 , 0.147 , 0.0
2940972.0 , -0.0286 , 0.0 , -0.182 , 0.147 , 0.0
2940982.0 , -0.0331 , 0.0 , -0.182 , 0.147 , 0.0
2940992.0 , -0.0331 , 0.0 , -0.182 , 0.147 , 0.0
2941002.0 , -0.0356 , 0.0 , -0.182 , 0.147 , 0.0
2941012.0 , -0.0337 , 0.0 , -0.182 , 0.147 , 0.0
2941022.0 , -0.0264 , 0.0 , -0.181 , 0.147 , 0.0
2941032.0 , -0.0314 , 0.0 , -0.182 , 0.147 , 0.0
2941042.0 , -0.0298 , 0.0 , -0.181 , 0.147 , 0.0
2941052.0 , -0.0333 , 0.0 , -0.18 , 0.147 , 0.0
2941062.0 , -0.0353 , 0.0 , -0.18 , 0.147 , 0.0
2941072.0 , -0.0307 , 0.0 , -0.181 , 0.147 , 0.0
2941082.0 , -0.0285 , 0.0 , -0.182 , 0.147 , 0.0
2941092.0 , -0.0331 , 0.0 , -0.182 , 0.147 , 0.0
2941102.0 , -0.0309 , 0.0 , -0.183 , 0.147 , 0.0
2941112.0 , -0.0284 , 0.0 , -0.183 , 0.147 , 0.0
2941122.0 , -0.0333 , 0.0 , -0.183 , 0.147 , 0.0
2941132.0 , -0.0316 , 0.0 , -0.183 , 0.147 , 0.0
2941142.0 , -0.0312 , 0.0 , -0.183 , 0.147 , 0.0
2941152.0 , -0.025 , 0.0 , -0.182 , 0.147 , 0.0
2941162.0 , -0.0335 , 0.0 , -0.181 , 0.147 , 0.0
2941172.0 , -0.0314 , 0.0 , -0.181 , 0.147 , 0.0
2941182.0 , -0.0321 , 0.0 , -0.184 , 0.147 , 0.0
2941192.0 , -0.0339 , 0.0 , -0.186 , 0.147 , 0.0
2941202.0 , -0.0309 , 0.0 , -0.187 , 0.147 , 0.0
2941212.0 , -0.0361 , 0.0 , -0.185 , 0.147 , 0.0
2941222.0 , -0.0224 , 0.0 , -0.185 , 0.147 , 0.0
2941232.0 , -0.0236 , 0.0 , -0.185 , 0.147 , 0.0
2941242.0 , -0.0251 , 0.0 , -0.188 , 0.147 , 0.0
2941252.0 , -0.0268 , 0.0 , -0.189 , 0.147 , 0.0
2941262.0 , -0.0272 , 0.0 , -0.189 , 0.147 , 0.0
2941272.0 , -0.0299 , 0.0 , -0.189 , 0.147 , 0.0
2941282.0 , -0.0374 , 0.0 , -0.189 , 0.147 , 0.0
2941292.0 , -0.0347 , 0.0 , -0.191 , 0.147 , 0.0
2941302.0 , -0.0274 , 0.0 , -0.192 , 0.147 , 0.0
2941312.0 , -0.0321 , 0.0 , -0.19 , 0.147 , 0.0
2941322.0 , -0.0315 , 0.0 , -0.188 , 0.147 , 0.0
2941332.0 , -0.0251 , 0.0 , -0.189 , 0.147 , 0.0
2941342.0 , -0.0357 , 0.0 , -0.189 , 0.147 , 0.0
2941352.0 , -0.0296 , 0.0 , -0.192 , 0.147 , 0.0
2941362.0 , -0.0323 , 0.0 , -0.194 , 0.147 , 0.0
2941372.0 , -0.0299 , 0.0 , -0.193 , 0.147 , 0.0
2941382.0 , -0.0306 , 0.0 , -0.191 , 0.147 , 0.0
2941392.0 , -0.033 , 0.0 , -0.191 , 0.147 , 0.0
2941402.0 , -0.0281 , 0.0 , -0.191 , 0.147 , 0.0
2941412.0 , -0.0205 , 0.0 , -0.19 , 0.147 , 0.0
2941422.0 , -0.0267 , 0.0 , -0.19 , 0.147 , 0.0
2941432.0 , -0.0239 , 0.0 , -0.191 , 0.147 , 0.0
2941442.0 , -0.021 , 0.0 , -0.191 , 0.147 , 0.0
2941452.0 , -0.0324 , 0.0 , -0.191 , 0.147 , 0.0
2941462.0 , -0.0252 , 0.0 , -0.191 , 0.147 , 0.0
2941472.0 , -0.0376 , 0.0 , -0.191 , 0.147 , 0.0
2941482.0 , -0.0285 , 0.0 , -0.189 , 0.147 , 0.0
2941492.0 , -0.0298 , 0.0 , -0.189 , 0.147 , 0.0
2941502.0 , -0.0318 , 0.0 , -0.189 , 0.147 , 0.0
2941512.0 , -0.0359 , 0.0 , -0.189 , 0.147 , 0.0
2941522.0 , -0.0327 , 0.0 , -0.189 , 0.147 , 0.0
2941532.0 , -0.0337 , 0.0 , -0.19 , 0.147 , 0.0
2941542.0 , -0.0298 , 0.0 , -0.19 , 0.147 , 0.0
2941552.0 , -0.0335 , 0.0 , -0.19 , 0.147 , 0.0
2941562.0 , -0.031 , 0.0 , -0.188 , 0.147 , 0.0
2941572.0 , -0.0337 , 0.0 , -0.188 , 0.147 , 0.0
2941582.0 , -0.0301 , 0.0 , -0.188 , 0.147 , 0.0
2941592.0 , -0.0307 , 0.0 , -0.188 , 0.147 , 0.0
2941602.0 , -0.0312 , 0.0 , -0.189 , 0.147 , 0.0
2941612.0 , -0.0268 , 0.0 , -0.189 , 0.147 , 0.0
2941622.0 , -0.0305 , 0.0 , -0.189 , 0.147 , 0.0
2941632.0 , -0.029 , 0.0 , -0.189 , 0.147 , 0.0
2941642.0 , -0.0368 , 0.0 , -0.188 , 0.147 , 0.0
2941652.0 , -0.0347 , 0.0 , -0.187 , 0.147 , 0.0
2941662.0 , -0.028 , 0.0 , -0.187 , 0.147 , 0.0
2941672.0 , -0.0313 , 0.0 , -0.187 , 0.147 , 0.0
2941682.0 , -0.0291 , 0.0 , -0.187 , 0.147 , 0.0
2941692.0 , -0.031 , 0.0 , -0.186 , 0.147 , 0.0
2941702.0 , -0.0296 , 0.0 , -0.187 , 0.147 , 0.0
2941712.0 , -0.035 , 0.0 , -0.187 , 0.147 , 0.0
2941722.0 , -0.0332 , 0.0 , -0.188 , 0.147 , 0.0
2941732.0 , -0.0241 , 0.0 , -0.188 , 0.147 , 0.0
2941742.0 , -0.0335 , 0.0 , -0.188 , 0.147 , 0.0
2941752.0 , -0.0284 , 0.0 , -0.187 , 0.147 , 0.0
2941762.0 , -0.0271 , 0.0 , -0.186 , 0.147 , 0.0
2941772.0 , -0.0365 , 0.0 , -0.187 , 0.147 , 0.0
2941782.0 , -0.0287 , 0.0 , -0.187 , 0.147 , 0.0
2941792.0 , -0.0232 , 0.0 , -0.187 , 0.147 , 0.0
2941802.0 , -0.0192 , 0.0 , -0.187 , 0.147 , 0.0
2941812.0 , -0.0279 , 0.0 , -0.188 , 0.147 , 0.0
2941822.0 , -0.0351 , 0.0 , -0.188 , 0.147 , 0.0
2941832.0 , -0.0338 , 0.0 , -0.187 , 0.147 , 0.0
2941842.0 , -0.0293 , 0.0 , -0.187 , 0.147 , 0.0
2941852.0 , -0.0332 , 0.0 , -0.187 , 0.147 , 0.0
2941862.0 , -0.0294 , 0.0 , -0.187 , 0.147 , 0.0
2941872.0 , -0.0314 , 0.0 , -0.186 , 0.147 , 0.0
2941882.0 , -0.0267 , 0.0 , -0.187 , 0.147 , 0.0
2941892.0 , -0.0267 , 0.0 , -0.187 , 0.147 , 0.0
2941902.0 , -0.0255 , 0.0 , -0.187 , 0.147 , 0.0
2941912.0 , -0.0342 , 0.0 , -0.187 , 0.147 , 0.0
2941922.0 , -0.0319 , 0.0 , -0.187 , 0.147 , 0.0
2941932.0 , -0.0344 , 0.0 , -0.187 , 0.147 , 0.0
2941942.0 , -0.0235 , 0.0 , -0.187 , 0.147 , 0.0
2941952.0 , -0.0264 , 0.0 , -0.187 , 0.147 , 0.0
2941962.0 , -0.0294 , 0.0 , -0.187 , 0.147 , 0.0
2941972.0 , -0.0348 , 0.0 , -0.187 , 0.147 , 0.0
2941982.0 , -0.0326 , 0.0 , -0.187 , 0.147 , 0.0
2941992.0 , -0.0369 , 0.0 , -0.186 , 0.147 , 0.0
2942002.0 , -0.0287 , 0.0 , -0.185 , 0.147 , 0.0
2942012.0 , -0.0351 , 0.0 , -0.185 , 0.147 , 0.0
2942022.0 , -0.0314 , 0.0 , -0.185 , 0.147 , 0.0
2942032.0 , -0.022 , 0.0 , -0.185 , 0.147 , 0.0
2942042.0 , -0.0287 , 0.0 , -0.186 , 0.147 , 0.0
2942052.0 , -0.026 , 0.0 , -0.187 , 0.147 , 0.0
2942062.0 , -0.0218 , 0.0 , -0.186 , 0.147 , 0.0
2942072.0 , -0.032 , 0.0 , -0.186 , 0.147 , 0.0
2942082.0 , -0.0255 , 0.0 , -0.186 , 0.147 , 0.0
2942092.0 , -0.0274 , 0.0 , -0.186 , 0.147 , 0.0
2942102.0 , -0.0296 , 0.0 , -0.186 , 0.147 , 0.0
2942112.0 , -0.0317 , 0.0 , -0.186 , 0.147 , 0.0
2942122.0 , -0.0303 , 0.0 , -0.186 , 0.147 , 0.0
2942132.0 , -0.0249 , 0.0 , -0.186 , 0.147 , 2.5
2942142.0 , -0.0214 , 0.0 , -0.187 , 0.147 , 2.5
2942152.0 , -0.0227 , 0.0 , -0.186 , 0.147 , 2.5
2942162.0 , -0.0249 , 0.0 , -0.179 , 0.147 , 2.5
2942172.0 , -0.0281 , 0.0 , -0.137 , 0.147 , 2.5
2942182.0 , -0.0292 , 0.0 , -0.05 , 0.147 , 2.5
2942192.0 , -0.0243 , 0.0 , -0.05 , 0.147 , 2.5
2942202.0 , -0.0252 , 0.0 , 0.069 , 0.147 , 2.5
2942212.0 , -0.0261 , 0.0 , 0.204 , 0.147 , 2.5
2942222.0 , -0.0193 , 0.0 , 0.35 , 0.147 , 2.5
2942232.0 , -0.0235 , 0.0 , 0.505 , 0.147 , 2.5
2942242.0 , -0.0226 , 0.0 , 0.673 , 0.147 , 2.5
2942252.0 , -0.0204 , 0.0 , 0.673 , 0.147 , 2.5
2942262.0 , -0.0176 , 0.0 , 0.858 , 0.147 , 2.5
2942272.0 , -0.0168 , 0.0 , 1.053 , 0.147 , 2.5
2942282.0 , -0.0177 , 0.0 , 1.251 , 0.147 , 2.5
2942292.0 , -0.0139 , 0.0 , 1.451 , 0.147 , 2.5
2942302.0 , -0.0205 , 0.0 , 1.451 , 0.147 , 2.5
2942312.0 , -0.0183 , 0.0 , 1.652 , 0.147 , 2.5
2942322.0 , -0.0217 , 0.0 , 1.858 , 0.147 , 2.5
2942332.0 , -0.0223 , 0.0 , 2.067 , 0.147 , 2.5
2942342.0 , -0.0188 , 0.0 , 2.283 , 0.147 , 2.5
2942352.0 , -0.02 , 0.0 , 2.5 , 0.147 , 2.5
2942362.0 , -0.0149 , 0.0 , 2.5 , 0.147 , 2.5
2942372.0 , -0.0198 , 0.0 , 2.716 , 0.147 , 2.5
2942382.0 , -0.0177 , 0.0 , 2.925 , 0.147 , 2.5
2942392.0 , -0.0131 , 0.0 , 3.127 , 0.147 , 2.5
2942402.0 , -0.0194 , 0.0 , 3.32 , 0.147 , 2.5
2942412.0 , -0.0161 , 0.0 , 3.504 , 0.147 , 2.5
2942422.0 , -0.0176 , 0.0 , 3.504 , 0.147 , 2.5
2942432.0 , -0.0195 , 0.0 , 3.683 , 0.147 , 2.5
2942442.0 , -0.0162 , 0.0 , 3.858 , 0.147 , 2.5
2942452.0 , -0.0127 , 0.0 , 4.033 , 0.147 , 2.5
2942462.0 , -0.0173 , 0.0 , 4.212 , 0.147 , 2.5
2942472.0 , -0.0161 , 0.0 , 4.212 , 0.147 , 2.5
2942482.0 , -0.0134 , 0.0 , 4.395 , 0.147 , 2.5
2942492.0 , -0.008 , 0.0 , 4.582 , 0.147 , 2.5
2942502.0 , -0.0147 , 0.0 , 4.772 , 0.147 , 2.5
2942512.0 , -0.0048 , 0.0 , 4.964 , 0.147 , 2.5
2942522.0 , -0.0084 , 0.0 , 5.156 , 0.147 , 2.5
2942532.0 , -0.0086 , 0.0 , 5.156 , 0.147 , 2.5
2942542.0 , 0.0036 , 0.0 , 5.342 , 0.147 , 2.5
2942552.0 , -0.0011 , 0.0 , 5.525 , 0.147 , 2.5
2942562.0 , 0.0015 , 0.0 , 5.706 , 0.147 , 2.5
2942572.0 , 0.0031 , 0.0 , 5.885 , 0.147 , 2.5
2942582.0 , 0.0066 , 0.0 , 6.062 , 0.147 , 2.5
2942592.0 , 0.0007 , 0.0 , 6.062 , 0.147 , 2.5
2942602.0 , 0.0064 , 0.0 , 6.235 , 0.147 , 2.5
2942612.0 , 0.0049 , 0.0 , 6.4 , 0.147 , 2.5
2942622.0 , 0.0002 , 0.0 , 6.548 , 0.147 , 2.5
2942632.0 , -0.0014 , 0.0 , 6.678 , 0.147 , 2.5
2942642.0 , -0.0006 , 0.0 , 6.678 , 0.147 , 2.5
2942652.0 , 0.0017 , 0.0 , 6.789 , 0.147 , 2.5
2942662.0 , 0.0059 , 0.0 , 6.88 , 0.147 , 2.5
2942672.0 , 0.0062 , 0.0 , 6.953 , 0.147 , 2.5
2942682.0 , 0.007 , 0.0 , 7.016 , 0.147 , 2.5
2942692.0 , 0.0036 , 0.0 , 7.074 , 0.147 , 2.5
2942702.0 , 0.0015 , 0.0 , 7.074 , 0.147 , 2.5
2942712.0 , 0.0028 , 0.0 , 7.127 , 0.147 , 2.5
2942722.0 , 0.0097 , 0.0 , 7.176 , 0.147 , 2.5
2942732.0 , 0.0064 , 0.0 , 7.223 , 0.147 , 2.5
2942742.0 , 0.0061 , 0.0 , 7.269 , 0.147 , 2.5
2942752.0 , 0.0025 , 0.0 , 7.313 , 0.147 , 2.5
2942762.0 , 0.0055 , 0.0 , 7.313 , 0.147 , 2.5
2942772.0 , 0.0067 , 0.0 , 7.357 , 0.147 , 2.5
2942782.0 , 0.0142 , 0.0 , 7.405 , 0.147 , 2.5
2942792.0 , 0.0106 , 0.0 , 7.459 , 0.147 , 2.5
2942802.0 , 0.0055 , 0.0 , 7.524 , 0.147 , 2.5
2942812.0 , 0.002 , 0.0 , 7.524 , 0.147 , 2.5
2942822.0 , 0.009 , 0.0 , 7.598 , 0.147 , 2.5
2942832.0 , 0.0106 , 0.0 , 7.681 , 0.147 , 2.5
2942842.0 , 0.0151 , 0.0 , 7.773 , 0.147 , 2.5
2942852.0 , 0.0105 , 0.0 , 7.869 , 0.147 , 2.5
2942862.0 , 0.0129 , 0.0 , 7.968 , 0.147 , 2.5
2942872.0 , 0.0155 , 0.0 , 7.968 , 0.147 , 2.5
2942882.0 , 0.0139 , 0.0 , 8.068 , 0.147 , 2.5
2942892.0 , 0.0216 , 0.0 , 8.173 , 0.147 , 2.5
2942902.0 , 0.0203 , 0.0 , 8.281 , 0.147 , 2.5
2942912.0 , 0.029 , 0.0 , 8.393 , 0.147 , 2.5
2942922.0 , 0.0228 , 0.0 , 8.512 , 0.147 , 2.5
2942932.0 , 0.0267 , 0.0 , 8.512 , 0.147 , 2.5
2942942.0 , 0.0261 , 0.0 , 8.637 , 0.147 , 2.5
2942952.0 , 0.0267 , 0.0 , 8.764 , 0.147 , 2.5
2942962.0 , 0.0245 , 0.0 , 8.892 , 0.147 , 2.5
2942972.0 , 0.0264 , 0.0 , 9.023 , 0.147 , 2.5
2942982.0 , 0.0318 , 0.0 , 9.023 , 0.147 , 2.5
2942992.0 , 0.0265 , 0.0 , 9.153 , 0.147 , 2.5
2943002.0 , 0.0262 , 0.0 , 9.279 , 0.147 , 2.5
2943012.0 , 0.0288 , 0.0 , 9.391 , 0.147 , 2.5
2943022.0 , 0.0266 , 0.0 , 9.495 , 0.147 , 2.5
2943032.0 , 0.0231 , 0.0 , 9.596 , 0.147 , 2.5
2943042.0 , 0.0258 , 0.0 , 9.596 , 0.147 , 2.5
2943052.0 , 0.0339 , 0.0 , 9.69 , 0.147 , 2.5
2943062.0 , 0.021 , 0.0 , 9.773 , 0.147 , 2.5
2943072.0 , 0.0255 , 0.0 , 9.844 , 0.147 , 2.5
2943082.0 , 0.0307 , 0.0 , 9.902 , 0.147 , 2.5
2943092.0 , 0.0308 , 0.0 , 9.947 , 0.147 , 2.5
2943102.0 , 0.0377 , 0.0 , 9.947 , 0.147 , 2.5
2943112.0 , 0.031 , 0.0 , 9.981 , 0.147 , 2.5
2943122.0 , 0.0244 , 0.0 , 10.008 , 0.147 , 2.5
2943132.0 , 0.0293 , 0.0 , 10.027 , 0.147 , 2.5
2943142.0 , 0.0293 , 0.0 , 10.039 , 0.147 , 2.5
2943152.0 , 0.0262 , 0.0 , 10.039 , 0.147 , 2.5
2943162.0 , 0.032 , 0.0 , 10.047 , 0.147 , 2.5
2943172.0 , 0.0288 , 0.0 , 10.05 , 0.147 , 2.5
2943182.0 , 0.0282 , 0.0 , 10.051 , 0.147 , 2.5
2943192.0 , 0.0253 , 0.0 , 10.048 , 0.147 , 2.5
2943202.0 , 0.0275 , 0.0 , 10.044 , 0.147 , 2.5
2943212.0 , 0.03 , 0.0 , 10.044 , 0.147 , 2.5
2943222.0 , 0.0303 , 0.0 , 10.039 , 0.147 , 2.5
2943232.0 , 0.0269 , 0.0 , 10.032 , 0.147 , 2.5
2943242.0 , 0.0285 , 0.0 , 10.026 , 0.147 , 2.5
2943252.0 , 0.0338 , 0.0 , 10.018 , 0.147 , 2.5
2943262.0 , 0.0292 , 0.0 , 10.01 , 0.147 , 2.5
2943272.0 , 0.0396 , 0.0 , 10.01 , 0.147 , 2.5
2943282.0 , 0.0306 , 0.0 , 10.0 , 0.147 , 2.5
2943292.0 , 0.0282 , 0.0 , 9.991 , 0.147 , 2.5
2943302.0 , 0.0306 , 0.0 , 9.983 , 0.147 , 2.5
2943312.0 , 0.0273 , 0.0 , 9.975 , 0.147 , 2.5
2943322.0 , 0.0324 , 0.0 , 9.975 , 0.147 , 2.5
2943332.0 , 0.0326 , 0.0 , 9.965 , 0.147 , 2.5
2943342.0 , 0.0309 , 0.0 , 9.957 , 0.147 , 2.5
2943352.0 , 0.0283 , 0.0 , 9.949 , 0.147 , 2.5
2943362.0 , 0.0289 , 0.0 , 9.947 , 0.147 , 2.5
2943372.0 , 0.026 , 0.0 , 9.951 , 0.147 , 2.5
2943382.0 , 0.0327 , 0.0 , 9.951 , 0.147 , 2.5
2943392.0 , 0.0323 , 0.0 , 9.955 , 0.147 , 2.5
2943402.0 , 0.0287 , 0.0 , 9.959 , 0.147 , 2.5
2943412.0 , 0.0261 , 0.0 , 9.959 , 0.147 , 2.5
2943422.0 , 0.0308 , 0.0 , 9.955 , 0.147 , 2.5
2943432.0 , 0.0299 , 0.0 , 9.95 , 0.147 , 2.5
2943442.0 , 0.0262 , 0.0 , 9.95 , 0.147 , 2.5
2943452.0 , 0.0272 , 0.0 , 9.943 , 0.147 , 2.5
2943462.0 , 0.0232 , 0.0 , 9.938 , 0.147 , 2.5
2943472.0 , 0.0287 , 0.0 , 9.933 , 0.147 , 2.5
2943482.0 , 0.0299 , 0.0 , 9.927 , 0.147 , 2.5
2943492.0 , 0.0314 , 0.0 , 9.923 , 0.147 , 2.5
2943502.0 , 0.0324 , 0.0 , 9.923 , 0.147 , 2.5
2943512.0 , 0.0315 , 0.0 , 9.917 , 0.147 , 2.5
2943522.0 , 0.0246 , 0.0 , 9.91 , 0.147 , 2.5
2943532.0 , 0.022 , 0.0 , 9.903 , 0.147 , 2.5
2943542.0 , 0.0255 , 0.0 , 9.897 , 0.147 , 2.5
2943552.0 , 0.024 , 0.0 , 9.897 , 0.147 , 2.5
2943562.0 , 0.0361 , 0.0 , 9.89 , 0.147 , 2.5
2943572.0 , 0.0246 , 0.0 , 9.882 , 0.147 , 2.5
2943582.0 , 0.0294 , 0.0 , 9.876 , 0.147 , 2.5
2943592.0 , 0.0341 , 0.0 , 9.869 , 0.147 , 2.5
2943602.0 , 0.026 , 0.0 , 9.862 , 0.147 , 2.5
2943612.0 , 0.0256 , 0.0 , 9.862 , 0.147 , 2.5
2943622.0 , 0.0291 , 0.0 , 9.855 , 0.147 , 2.5
2943632.0 , 0.0263 , 0.0 , 9.849 , 0.147 , 2.5
2943642.0 , 0.0309 , 0.0 , 9.843 , 0.147 , 2.5
2943652.0 , 0.0271 , 0.0 , 9.838 , 0.147 , 2.5
2943662.0 , 0.0291 , 0.0 , 9.831 , 0.147 , 2.5
2943672.0 , 0.0284 , 0.0 , 9.831 , 0.147 , 2.5
2943682.0 , 0.0341 , 0.0 , 9.825 , 0.147 , 2.5
2943692.0 , 0.0305 , 0.0 , 9.819 , 0.147 , 2.5
2943702.0 , 0.0197 , 0.0 , 9.814 , 0.147 , 2.5
2943712.0 , 0.033 , 0.0 , 9.809 , 0.147 , 2.5
2943722.0 , 0.0286 , 0.0 , 9.809 , 0.147 , 2.5
2943732.0 , 0.0273 , 0.0 , 9.803 , 0.147 , 2.5
2943742.0 , 0.0305 , 0.0 , 9.798 , 0.147 , 2.5
2943752.0 , 0.0356 , 0.0 , 9.792 , 0.147 , 2.5
2943762.0 , 0.0299 , 0.0 , 9.786 , 0.147 , 2.5
2943772.0 , 0.0343 , 0.0 , 9.78 , 0.147 , 2.5
2943782.0 , 0.0323 , 0.0 , 9.78 , 0.147 , 2.5
2943792.0 , 0.0293 , 0.0 , 9.775 , 0.147 , 2.5
2943802.0 , 0.0314 , 0.0 , 9.77 , 0.147 , 2.5
2943812.0 , 0.0325 , 0.0 , 9.764 , 0.147 , 2.5
2943822.0 , 0.029 , 0.0 , 9.759 , 0.147 , 2.5
2943832.0 , 0.0244 , 0.0 , 9.755 , 0.147 , 2.5
2943842.0 , 0.0306 , 0.0 , 9.755 , 0.147 , 2.5
2943852.0 , 0.0281 , 0.0 , 9.749 , 0.147 , 2.5
2943862.0 , 0.0311 , 0.0 , 9.745 , 0.147 , 2.5
2943872.0 , 0.0294 , 0.0 , 9.741 , 0.147 , 2.5
2943882.0 , 0.0322 , 0.0 , 9.736 , 0.147 , 2.5
2943892.0 , 0.0297 , 0.0 , 9.736 , 0.147 , 2.5
2943902.0 , 0.0298 , 0.0 , 9.731 , 0.147 , 2.5
2943912.0 , 0.0311 , 0.0 , 9.725 , 0.147 , 2.5
2943922.0 , 0.0238 , 0.0 , 9.72 , 0.147 , 2.5
2943932.0 , 0.0382 , 0.0 , 9.715 , 0.147 , 2.5
2943942.0 , 0.0305 , 0.0 , 9.71 , 0.147 , 2.5
2943952.0 , 0.033 , 0.0 , 9.71 , 0.147 , 2.5
2943962.0 , 0.028 , 0.0 , 9.706 , 0.147 , 2.5
2943972.0 , 0.0315 , 0.0 , 9.702 , 0.147 , 2.5
2943982.0 , 0.0307 , 0.0 , 9.698 , 0.147 , 2.5
2943992.0 , 0.0286 , 0.0 , 9.694 , 0.147 , 2.5
2944002.0 , 0.0318 , 0.0 , 9.69 , 0.147 , 2.5
2944012.0 , 0.0345 , 0.0 , 9.69 , 0.147 , 2.5
2944022.0 , 0.0279 , 0.0 , 9.686 , 0.147 , 2.5
2944032.0 , 0.0351 , 0.0 , 9.681 , 0.147 , 2.5
2944042.0 , 0.0288 , 0.0 , 9.677 , 0.147 , 2.5
2944052.0 , 0.0295 , 0.0 , 9.674 , 0.147 , 2.5
2944062.0 , 0.027 , 0.0 , 9.674 , 0.147 , 2.5
2944072.0 , 0.0255 , 0.0 , 9.67 , 0.147 , 2.5
2944082.0 , 0.0279 , 0.0 , 9.665 , 0.147 , 2.5
2944092.0 , 0.0349 , 0.0 , 9.661 , 0.147 , 2.5
2944102.0 , 0.0328 , 0.0 , 9.657 , 0.147 , 2.5
2944112.0 , 0.0305 , 0.0 , 9.653 , 0.147 , 2.5
2944122.0 , 0.0279 , 0.0 , 9.653 , 0.147 , 2.5
2944132.0 , 0.0288 , 0.0 , 9.649 , 0.147 , 2.5
2944142.0 , 0.0284 , 0.0 , 9.646 , 0.147 , 2.5
2944152.0 , 0.0255 , 0.0 , 9.643 , 0.147 , 2.5
2944162.0 , 0.027 , 0.0 , 9.638 , 0.147 , 2.5
2944172.0 , 0.0314 , 0.0 , 9.634 , 0.147 , 2.5
2944182.0 , 0.0318 , 0.0 , 9.634 , 0.147 , 2.5
2944192.0 , 0.0305 , 0.0 , 9.631 , 0.147 , 2.5
2944202.0 , 0.0321 , 0.0 , 9.627 , 0.147 , 2.5
2944212.0 , 0.0205 , 0.0 , 9.624 , 0.147 , 2.5
2944222.0 , 0.0248 , 0.0 , 9.621 , 0.147 , 2.5
2944232.0 , 0.0288 , 0.0 , 9.621 , 0.147 , 2.5
2944242.0 , 0.0262 , 0.0 , 9.618 , 0.147 , 2.5
2944252.0 , 0.0295 , 0.0 , 9.614 , 0.147 , 2.5
2944262.0 , 0.0272 , 0.0 , 9.611 , 0.147 , 2.5
2944272.0 , 0.0258 , 0.0 , 9.608 , 0.147 , 2.5
2944282.0 , 0.0311 , 0.0 , 9.604 , 0.147 , 2.5
2944292.0 , 0.0261 , 0.0 , 9.604 , 0.147 , 2.5
2944302.0 , 0.0273 , 0.0 , 9.6 , 0.147 , 2.5
2944312.0 , 0.0295 , 0.0 , 9.597 , 0.147 , 2.5
2944322.0 , 0.0373 , 0.0 , 9.594 , 0.147 , 2.5
2944332.0 , 0.026 , 0.0 , 9.59 , 0.147 , 2.5
2944342.0 , 0.0359 , 0.0 , 9.588 , 0.147 , 2.5
2944352.0 , 0.0271 , 0.0 , 9.588 , 0.147 , 2.5
2944362.0 , 0.029 , 0.0 , 9.585 , 0.147 , 2.5
2944372.0 , 0.0323 , 0.0 , 9.582 , 0.147 , 2.5
2944382.0 , 0.032 , 0.0 , 9.578 , 0.147 , 2.5
2944392.0 , 0.0265 , 0.0 , 9.575 , 0.147 , 2.5
2944402.0 , 0.0259 , 0.0 , 9.575 , 0.147 , 2.5
2944412.0 , 0.0319 , 0.0 , 9.572 , 0.147 , 2.5
2944422.0 , 0.0312 , 0.0 , 9.568 , 0.147 , 2.5
2944432.0 , 0.0303 , 0.0 , 9.564 , 0.147 , 2.5
2944442.0 , 0.0344 , 0.0 , 9.56 , 0.147 , 2.5
2944452.0 , 0.0315 , 0.0 , 9.559 , 0.147 , 2.5
2944462.0 , 0.0305 , 0.0 , 9.559 , 0.147 , 2.5
2944472.0 , 0.0328 , 0.0 , 9.557 , 0.147 , 2.5
2944482.0 , 0.028 , 0.0 , 9.554 , 0.147 , 2.5
2944492.0 , 0.0316 , 0.0 , 9.551 , 0.147 , 2.5
2944502.0 , 0.0325 , 0.0 , 9.549 , 0.147 , 2.5
2944512.0 , 0.0326 , 0.0 , 9.545 , 0.147 , 2.5
2944522.0 , 0.0344 , 0.0 , 9.545 , 0.147 , 2.5
2944532.0 , 0.0321 , 0.0 , 9.541 , 0.147 , 2.5
2944542.0 , 0.0278 , 0.0 , 9.539 , 0.147 , 2.5
2944552.0 , 0.0338 , 0.0 , 9.536 , 0.147 , 2.5
2944562.0 , 0.0274 , 0.0 , 9.533 , 0.147 , 2.5
2944572.0 , 0.0318 , 0.0 , 9.533 , 0.147 , 2.5
2944582.0 , 0.0322 , 0.0 , 9.531 , 0.147 , 2.5
2944592.0 , 0.0302 , 0.0 , 9.53 , 0.147 , 2.5
2944602.0 , 0.0317 , 0.0 , 9.526 , 0.147 , 2.5
2944612.0 , 0.0329 , 0.0 , 9.523 , 0.147 , 2.5
2944622.0 , 0.0328 , 0.0 , 9.52 , 0.147 , 2.5
2944632.0 , 0.0286 , 0.0 , 9.52 , 0.147 , 2.5
2944642.0 , 0.0234 , 0.0 , 9.517 , 0.147 , 2.5
2944652.0 , 0.0286 , 0.0 , 9.515 , 0.147 , 2.5
2944662.0 , 0.0294 , 0.0 , 9.512 , 0.147 , 2.5
2944672.0 , 0.0303 , 0.0 , 9.511 , 0.147 , 2.5
2944682.0 , 0.0323 , 0.0 , 9.508 , 0.147 , 2.5
2944692.0 , 0.0331 , 0.0 , 9.508 , 0.147 , 2.5
2944702.0 , 0.0313 , 0.0 , 9.505 , 0.147 , 2.5
2944712.0 , 0.0305 , 0.0 , 9.501 , 0.147 , 2.5
2944722.0 , 0.0304 , 0.0 , 9.499 , 0.147 , 2.5
2944732.0 , 0.0196 , 0.0 , 9.497 , 0.147 , 2.5
2944742.0 , 0.0307 , 0.0 , 9.497 , 0.147 , 2.5
2944752.0 , 0.0334 , 0.0 , 9.495 , 0.147 , 2.5
2944762.0 , 0.0301 , 0.0 , 9.493 , 0.147 , 2.5
2944772.0 , 0.0254 , 0.0 , 9.491 , 0.147 , 2.5
2944782.0 , 0.0252 , 0.0 , 9.488 , 0.147 , 2.5
2944792.0 , 0.0323 , 0.0 , 9.485 , 0.147 , 2.5
2944802.0 , 0.032 , 0.0 , 9.485 , 0.147 , 2.5
2944812.0 , 0.0309 , 0.0 , 9.482 , 0.147 , 2.5
2944822.0 , 0.03 , 0.0 , 9.48 , 0.147 , 2.5
2944832.0 , 0.0305 , 0.0 , 9.478 , 0.147 , 2.5
2944842.0 , 0.0292 , 0.0 , 9.475 , 0.147 , 2.5
2944852.0 , 0.033 , 0.0 , 9.472 , 0.147 , 2.5
2944862.0 , 0.0312 , 0.0 , 9.472 , 0.147 , 2.5
2944872.0 , 0.0305 , 0.0 , 9.47 , 0.147 , 2.5
2944882.0 , 0.0336 , 0.0 , 9.468 , 0.147 , 2.5
2944892.0 , 0.0333 , 0.0 , 9.465 , 0.147 , 2.5
2944902.0 , 0.0356 , 0.0 , 9.463 , 0.147 , 2.5
2944912.0 , 0.0355 , 0.0 , 9.463 , 0.147 , 2.5
2944922.0 , 0.0367 , 0.0 , 9.461 , 0.147 , 2.5
2944932.0 , 0.0366 , 0.0 , 9.459 , 0.147 , 2.5
2944942.0 , 0.0256 , 0.0 , 9.455 , 0.147 , 2.5
2944952.0 , 0.0347 , 0.0 , 9.453 , 0.147 , 2.5
2944962.0 , 0.0293 , 0.0 , 9.45 , 0.147 , 2.5
2944972.0 , 0.0312 , 0.0 , 9.45 , 0.147 , 2.5
2944982.0 , 0.0322 , 0.0 , 9.448 , 0.147 , 2.5
2944992.0 , 0.0369 , 0.0 , 9.447 , 0.147 , 2.5
2945002.0 , 0.0339 , 0.0 , 9.444 , 0.147 , 2.5
2945012.0 , 0.0343 , 0.0 , 9.443 , 0.147 , 2.5
2945022.0 , 0.0383 , 0.0 , 9.441 , 0.147 , 2.5
2945032.0 , 0.0372 , 0.0 , 9.441 , 0.147 , 2.5
2945042.0 , 0.0332 , 0.0 , 9.439 , 0.147 , 2.5
2945052.0 , 0.046 , 0.0 , 9.436 , 0.147 , 2.5
2945062.0 , 0.0305 , 0.0 , 9.433 , 0.147 , 2.5
2945072.0 , 0.0302 , 0.0 , 9.431 , 0.147 , 2.5
2945082.0 , 0.0322 , 0.0 , 9.431 , 0.147 , 2.5
2945092.0 , 0.035 , 0.0 , 9.428 , 0.147 , 2.5
2945102.0 , 0.0311 , 0.0 , 9.426 , 0.147 , 2.5
2945112.0 , 0.0372 , 0.0 , 9.424 , 0.147 , 2.5
2945122.0 , 0.0306 , 0.0 , 9.421 , 0.147 , 2.5
2945132.0 , 0.0362 , 0.0 , 9.42 , 0.147 , 2.5
2945142.0 , 0.0364 , 0.0 , 9.42 , 0.147 , 2.5
2945152.0 , 0.0312 , 0.0 , 9.417 , 0.147 , 2.5
2945162.0 , 0.0355 , 0.0 , 9.416 , 0.147 , 2.5
2945172.0 , 0.0278 , 0.0 , 9.414 , 0.147 , 2.5
2945182.0 , 0.031 , 0.0 , 9.412 , 0.147 , 2.5
2945192.0 , 0.0323 , 0.0 , 9.41 , 0.147 , 2.5
2945202.0 , 0.0308 , 0.0 , 9.41 , 0.147 , 2.5
2945212.0 , 0.0312 , 0.0 , 9.409 , 0.147 , 2.5
2945222.0 , 0.032 , 0.0 , 9.406 , 0.147 , 2.5
2945232.0 , 0.032 , 0.0 , 9.405 , 0.147 , 2.5
2945242.0 , 0.0288 , 0.0 , 9.403 , 0.147 , 2.5
2945252.0 , 0.0363 , 0.0 , 9.403 , 0.147 , 2.5
2945262.0 , 0.0261 , 0.0 , 9.402 , 0.147 , 2.5
2945272.0 , 0.0255 , 0.0 , 9.4 , 0.147 , 2.5
2945282.0 , 0.024 , 0.0 , 9.396 , 0.147 , 2.5
2945292.0 , 0.0361 , 0.0 , 9.394 , 0.147 , 2.5
2945302.0 , 0.0246 , 0.0 , 9.392 , 0.147 , 2.5
2945312.0 , 0.0276 , 0.0 , 9.392 , 0.147 , 2.5
2945322.0 , 0.0235 , 0.0 , 9.39 , 0.147 , 2.5
2945332.0 , 0.0286 , 0.0 , 9.389 , 0.147 , 2.5
2945342.0 , 0.0316 , 0.0 , 9.388 , 0.147 , 2.5
2945352.0 , 0.033 , 0.0 , 9.386 , 0.147 , 2.5
2945362.0 , 0.0295 , 0.0 , 9.384 , 0.147 , 2.5
2945372.0 , 0.0243 , 0.0 , 9.384 , 0.147 , 2.5
2945382.0 , 0.0337 , 0.0 , 9.382 , 0.147 , 2.5
2945392.0 , 0.0358 , 0.0 , 9.38 , 0.147 , 2.5
2945402.0 , 0.044 , 0.0 , 9.379 , 0.147 , 2.5
2945412.0 , 0.0341 , 0.0 , 9.377 , 0.147 , 2.5
2945422.0 , 0.0355 , 0.0 , 9.377 , 0.147 , 2.5
2945432.0 , 0.0332 , 0.0 , 9.375 , 0.147 , 2.5
2945442.0 , 0.0201 , 0.0 , 9.373 , 0.147 , 2.5
2945452.0 , 0.0325 , 0.0 , 9.371 , 0.147 , 2.5
2945462.0 , 0.0309 , 0.0 , 9.369 , 0.147 , 2.5
2945472.0 , 0.0387 , 0.0 , 9.368 , 0.147 , 2.5
2945482.0 , 0.0334 , 0.0 , 9.368 , 0.147 , 2.5
2945492.0 , 0.0288 , 0.0 , 9.367 , 0.147 , 2.5
2945502.0 , 0.0348 , 0.0 , 9.366 , 0.147 , 2.5
2945512.0 , 0.034 , 0.0 , 9.364 , 0.147 , 2.5
2945522.0 , 0.0413 , 0.0 , 9.362 , 0.147 , 2.5
2945532.0 , 0.0262 , 0.0 , 9.359 , 0.147 , 2.5
2945542.0 , 0.0309 , 0.0 , 9.359 , 0.147 , 2.5
2945552.0 , 0.0338 , 0.0 , 9.357 , 0.147 , 2.5
2945562.0 , 0.0368 , 0.0 , 9.355 , 0.147 , 2.5
2945572.0 , 0.0307 , 0.0 , 9.354 , 0.147 , 2.5
2945582.0 , 0.0319 , 0.0 , 9.353 , 0.147 , 2.5
2945592.0 , 0.0356 , 0.0 , 9.353 , 0.147 , 2.5
2945602.0 , 0.0372 , 0.0 , 9.351 , 0.147 , 2.5
2945612.0 , 0.038 , 0.0 , 9.35 , 0.147 , 2.5
2945622.0 , 0.0344 , 0.0 , 9.348 , 0.147 , 2.5
2945632.0 , 0.0281 , 0.0 , 9.346 , 0.147 , 2.5
2945642.0 , 0.0316 , 0.0 , 9.344 , 0.147 , 2.5
2945652.0 , 0.0281 , 0.0 , 9.344 , 0.147 , 2.5
2945662.0 , 0.0278 , 0.0 , 9.343 , 0.147 , 2.5
2945672.0 , 0.0246 , 0.0 , 9.341 , 0.147 , 2.5
2945682.0 , 0.0335 , 0.0 , 9.339 , 0.147 , 2.5
2945692.0 , 0.025 , 0.0 , 9.337 , 0.147 , 2.5
2945702.0 , 0.0322 , 0.0 , 9.334 , 0.147 , 2.5
2945712.0 , 0.0348 , 0.0 , 9.334 , 0.147 , 2.5
2945722.0 , 0.0234 , 0.0 , 9.333 , 0.147 , 2.5
2945732.0 , 0.0281 , 0.0 , 9.332 , 0.147 , 2.5
2945742.0 , 0.0318 , 0.0 , 9.331 , 0.147 , 2.5
2945752.0 , 0.0311 , 0.0 , 9.329 , 0.147 , 2.5
2945762.0 , 0.0278 , 0.0 , 9.329 , 0.147 , 2.5
2945772.0 , 0.0253 , 0.0 , 9.328 , 0.147 , 2.5
2945782.0 , 0.0309 , 0.0 , 9.326 , 0.147 , 2.5
2945792.0 , 0.0332 , 0.0 , 9.323 , 0.147 , 2.5
2945802.0 , 0.0287 , 0.0 , 9.32 , 0.147 , 2.5
2945812.0 , 0.0295 , 0.0 , 9.319 , 0.147 , 2.5
2945822.0 , 0.0295 , 0.0 , 9.319 , 0.147 , 2.5
2945832.0 , 0.0264 , 0.0 , 9.318 , 0.147 , 2.5
2945842.0 , 0.0264 , 0.0 , 9.318 , 0.147 , 2.5
2945852.0 , 0.0269 , 0.0 , 9.317 , 0.147 , 2.5
2945862.0 , 0.0238 , 0.0 , 9.315 , 0.147 , 2.5
2945872.0 , 0.0329 , 0.0 , 9.313 , 0.147 , 2.5
2945882.0 , 0.0232 , 0.0 , 9.313 , 0.147 , 2.5
2945892.0 , 0.0225 , 0.0 , 9.311 , 0.147 , 2.5
2945902.0 , 0.0243 , 0.0 , 9.31 , 0.147 , 2.5
2945912.0 , 0.0306 , 0.0 , 9.308 , 0.147 , 2.5
2945922.0 , 0.031 , 0.0 , 9.306 , 0.147 , 2.5
2945932.0 , 0.028 , 0.0 , 9.306 , 0.147 , 2.5
2945942.0 , 0.0318 , 0.0 , 9.305 , 0.147 , 2.5
2945952.0 , 0.023 , 0.0 , 9.304 , 0.147 , 2.5
2945962.0 , 0.0241 , 0.0 , 9.301 , 0.147 , 2.5
2945972.0 , 0.0297 , 0.0 , 9.299 , 0.147 , 2.5
2945982.0 , 0.0328 , 0.0 , 9.297 , 0.147 , 2.5
2945992.0 , 0.0348 , 0.0 , 9.297 , 0.147 , 2.5
2946002.0 , 0.0346 , 0.0 , 9.296 , 0.147 , 2.5
2946012.0 , 0.0342 , 0.0 , 9.295 , 0.147 , 2.5
2946022.0 , 0.0321 , 0.0 , 9.293 , 0.147 , 2.5
2946032.0 , 0.0317 , 0.0 , 9.292 , 0.147 , 2.5
2946042.0 , 0.0322 , 0.0 , 9.291 , 0.147 , 2.5
2946052.0 , 0.0291 , 0.0 , 9.291 , 0.147 , 2.5
2946062.0 , 0.032 , 0.0 , 9.291 , 0.147 , 2.5
2946072.0 , 0.026 , 0.0 , 9.293 , 0.147 , 2.5
2946082.0 , 0.0317 , 0.0 , 9.3 , 0.147 , 2.5
2946092.0 , 0.0304 , 0.0 , 9.316 , 0.147 , 2.5
2946102.0 , 0.0209 , 0.0 , 9.316 , 0.147 , 2.5
2946112.0 , 0.032 , 0.0 , 9.332 , 0.147 , 2.5
2946122.0 , 0.0375 , 0.0 , 9.347 , 0.147 , 2.5
2946132.0 , 0.0334 , 0.0 , 9.36 , 0.147 , 2.5
2946142.0 , 0.0303 , 0.0 , 9.369 , 0.147 , 2.5
2946152.0 , 0.0261 , 0.0 , 9.374 , 0.147 , 2.5
2946162.0 , 0.0275 , 0.0 , 9.374 , 0.147 , 2.5
2946172.0 , 0.02 , 0.0 , 9.379 , 0.147 , 2.5
2946182.0 , 0.0339 , 0.0 , 9.383 , 0.147 , 2.5
2946192.0 , 0.0284 , 0.0 , 9.387 , 0.147 , 2.5
2946202.0 , 0.0247 , 0.0 , 9.389 , 0.147 , 2.5
2946212.0 , 0.036 , 0.0 , 9.39 , 0.147 , 2.5
2946222.0 , 0.0217 , 0.0 , 9.39 , 0.147 , 2.5
2946232.0 , 0.0311 , 0.0 , 9.391 , 0.147 , 2.5
2946242.0 , 0.0311 , 0.0 , 9.391 , 0.147 , 2.5
2946252.0 , 0.0286 , 0.0 , 9.392 , 0.147 , 2.5
2946262.0 , 0.0296 , 0.0 , 9.393 , 0.147 , 2.5
2946272.0 , 0.0277 , 0.0 , 9.393 , 0.147 , 2.5
2946282.0 , 0.0249 , 0.0 , 9.392 , 0.147 , 2.5
2946292.0 , 0.0287 , 0.0 , 9.391 , 0.147 , 2.5
2946302.0 , 0.0296 , 0.0 , 9.389 , 0.147 , 2.5
2946312.0 , 0.0308 , 0.0 , 9.387 , 0.147 , 2.5
2946322.0 , 0.0225 , 0.0 , 9.385 , 0.147 , 2.5
2946332.0 , 0.0286 , 0.0 , 9.385 , 0.147 , 2.5
2946342.0 , 0.0273 , 0.0 , 9.383 , 0.147 , 2.5
2946352.0 , 0.0298 , 0.0 , 9.382 , 0.147 , 2.5
2946362.0 , 0.0287 , 0.0 , 9.381 , 0.147 , 2.5
2946372.0 , 0.0278 , 0.0 , 9.379 , 0.147 , 2.5
2946382.0 , 0.0247 , 0.0 , 9.377 , 0.147 , 2.5
2946392.0 , 0.0292 , 0.0 , 9.377 , 0.147 , 2.5
2946402.0 , 0.0293 , 0.0 , 9.374 , 0.147 , 2.5
2946412.0 , 0.0268 , 0.0 , 9.373 , 0.147 , 2.5
2946422.0 , 0.0327 , 0.0 , 9.372 , 0.147 , 2.5
2946432.0 , 0.0351 , 0.0 , 9.371 , 0.147 , 2.5
2946442.0 , 0.0156 , 0.0 , 9.371 , 0.147 , 2.5
2946452.0 , 0.025 , 0.0 , 9.369 , 0.147 , 2.5
2946462.0 , 0.0363 , 0.0 , 9.367 , 0.147 , 2.5
2946472.0 , 0.031 , 0.0 , 9.366 , 0.147 , 2.5
2946482.0 , 0.034 , 0.0 , 9.364 , 0.147 , 2.5
2946492.0 , 0.0225 , 0.0 , 9.362 , 0.147 , 2.5
2946502.0 , 0.0258 , 0.0 , 9.362 , 0.147 , 2.5
2946512.0 , 0.0256 , 0.0 , 9.361 , 0.147 , 2.5
2946522.0 , 0.0318 , 0.0 , 9.359 , 0.147 , 2.5
2946532.0 , 0.0273 , 0.0 , 9.358 , 0.147 , 2.5
2946542.0 , 0.0268 , 0.0 , 9.356 , 0.147 , 2.5
2946552.0 , 0.0313 , 0.0 , 9.354 , 0.147 , 2.5
2946562.0 , 0.0287 , 0.0 , 9.354 , 0.147 , 2.5
2946572.0 , 0.0266 , 0.0 , 9.353 , 0.147 , 2.5
2946582.0 , 0.033 , 0.0 , 9.352 , 0.147 , 2.5
2946592.0 , 0.026 , 0.0 , 9.351 , 0.147 , 2.5
2946602.0 , 0.029 , 0.0 , 9.35 , 0.147 , 2.5
2946612.0 , 0.032 , 0.0 , 9.349 , 0.147 , 2.5
2946622.0 , 0.0315 , 0.0 , 9.349 , 0.147 , 2.5
2946632.0 , 0.0223 , 0.0 , 9.347 , 0.147 , 2.5
2946642.0 , 0.0285 , 0.0 , 9.345 , 0.147 , 2.5
2946652.0 , 0.022 , 0.0 , 9.343 , 0.147 , 2.5
2946662.0 , 0.03 , 0.0 , 9.342 , 0.147 , 2.5
2946672.0 , 0.0319 , 0.0 , 9.342 , 0.147 , 2.5
2946682.0 , 0.0304 , 0.0 , 9.339 , 0.147 , 2.5
2946692.0 , 0.0329 , 0.0 , 9.339 , 0.147 , 2.5
2946702.0 , 0.0242 , 0.0 , 9.338 , 0.147 , 2.5
2946712.0 , 0.0255 , 0.0 , 9.337 , 0.147 , 2.5
2946722.0 , 0.0312 , 0.0 , 9.335 , 0.147 , 2.5
2946732.0 , 0.0258 , 0.0 , 9.335 , 0.147 , 2.5
2946742.0 , 0.0271 , 0.0 , 9.332 , 0.147 , 2.5
2946752.0 , 0.0309 , 0.0 , 9.331 , 0.147 , 2.5
2946762.0 , 0.0325 , 0.0 , 9.329 , 0.147 , 2.5
2946772.0 , 0.0315 , 0.0 , 9.327 , 0.147 , 2.5
2946782.0 , 0.0346 , 0.0 , 9.325 , 0.147 , 2.5
2946792.0 , 0.031 , 0.0 , 9.325 , 0.147 , 2.5
2946802.0 , 0.0321 , 0.0 , 9.324 , 0.147 , 2.5
2946812.0 , 0.0253 , 0.0 , 9.323 , 0.147 , 2.5
2946822.0 , 0.0274 , 0.0 , 9.322 , 0.147 , 2.5
2946832.0 , 0.0326 , 0.0 , 9.32 , 0.147 , 2.5
2946842.0 , 0.0345 , 0.0 , 9.32 , 0.147 , 2.5
2946852.0 , 0.0368 , 0.0 , 9.318 , 0.147 , 2.5
2946862.0 , 0.0265 , 0.0 , 9.316 , 0.147 , 2.5
2946872.0 , 0.0286 , 0.0 , 9.315 , 0.147 , 2.5
2946882.0 , 0.0249 , 0.0 , 9.315 , 0.147 , 2.5
2946892.0 , 0.0253 , 0.0 , 9.314 , 0.147 , 2.5
2946902.0 , 0.027 , 0.0 , 9.314 , 0.147 , 2.5
2946912.0 , 0.0308 , 0.0 , 9.313 , 0.147 , 2.5
2946922.0 , 0.0324 , 0.0 , 9.312 , 0.147 , 2.5
2946932.0 , 0.0279 , 0.0 , 9.31 , 0.147 , 2.5
2946942.0 , 0.0227 , 0.0 , 9.308 , 0.147 , 2.5
2946952.0 , 0.0283 , 0.0 , 9.306 , 0.147 , 2.5
2946962.0 , 0.0297 , 0.0 , 9.306 , 0.147 , 2.5
2946972.0 , 0.0302 , 0.0 , 9.305 , 0.147 , 2.5
2946982.0 , 0.0316 , 0.0 , 9.303 , 0.147 , 2.5
2946992.0 , 0.0233 , 0.0 , 9.302 , 0.147 , 2.5
2947002.0 , 0.0322 , 0.0 , 9.301 , 0.147 , 2.5
2947012.0 , 0.0295 , 0.0 , 9.301 , 0.147 , 2.5
2947022.0 , 0.0313 , 0.0 , 9.3 , 0.147 , 2.5
2947032.0 , 0.0254 , 0.0 , 9.299 , 0.147 , 2.5
2947042.0 , 0.0242 , 0.0 , 9.298 , 0.147 , 2.5
2947052.0 , 0.025 , 0.0 , 9.296 , 0.147 , 2.5
2947062.0 , 0.0304 , 0.0 , 9.296 , 0.147 , 2.5
2947072.0 , 0.0287 , 0.0 , 9.296 , 0.147 , 2.5
2947082.0 , 0.0273 , 0.0 , 9.294 , 0.147 , 2.5
2947092.0 , 0.0333 , 0.0 , 9.292 , 0.147 , 2.5
2947102.0 , 0.031 , 0.0 , 9.291 , 0.147 , 2.5
2947112.0 , 0.0302 , 0.0 , 9.29 , 0.147 , 2.5
2947122.0 , 0.0283 , 0.0 , 9.289 , 0.147 , 2.5
2947132.0 , 0.0305 , 0.0 , 9.289 , 0.147 , 2.5
2947142.0 , 0.0323 , 0.0 , 9.287 , 0.147 , 2.5
2947152.0 , 0.0298 , 0.0 , 9.286 , 0.147 , 2.5
2947162.0 , 0.0246 , 0.0 , 9.284 , 0.147 , 2.5
2947172.0 , 0.0195 , 0.0 , 9.284 , 0.147 , 2.5
2947182.0 , 0.0227 , 0.0 , 9.284 , 0.147 , 2.5
2947192.0 , 0.0272 , 0.0 , 9.281 , 0.147 , 2.5
2947202.0 , 0.0265 , 0.0 , 9.28 , 0.147 , 2.5
2947212.0 , 0.0294 , 0.0 , 9.278 , 0.147 , 2.5
2947222.0 , 0.035 , 0.0 , 9.278 , 0.147 , 2.5
2947232.0 , 0.0314 , 0.0 , 9.276 , 0.147 , 2.5
2947242.0 , 0.0274 , 0.0 , 9.276 , 0.147 , 2.5
2947252.0 , 0.0298 , 0.0 , 9.275 , 0.147 , 2.5
2947262.0 , 0.0254 , 0.0 , 9.272 , 0.147 , 2.5
2947272.0 , 0.0306 , 0.0 , 9.271 , 0.147 , 2.5
2947282.0 , 0.0245 , 0.0 , 9.269 , 0.147 , 2.5
2947292.0 , 0.0317 , 0.0 , 9.268 , 0.147 , 2.5
2947302.0 , 0.026 , 0.0 , 9.268 , 0.147 , 2.5
2947312.0 , 0.0282 , 0.0 , 9.268 , 0.147 , 2.5
2947322.0 , 0.03 , 0.0 , 9.266 , 0.147 , 2.5
2947332.0 , 0.02 , 0.0 , 9.265 , 0.147 , 2.5
2947342.0 , 0.027 , 0.0 , 9.265 , 0.147 , 2.5
2947352.0 , 0.0307 , 0.0 , 9.265 , 0.147 , 2.5
2947362.0 , 0.0262 , 0.0 , 9.265 , 0.147 , 2.5
2947372.0 , 0.0259 , 0.0 , 9.264 , 0.147 , 2.5
2947382.0 , 0.0299 , 0.0 , 9.262 , 0.147 , 2.5
2947392.0 , 0.0283 , 0.0 , 9.261 , 0.147 , 2.5
2947402.0 , 0.0271 , 0.0 , 9.26 , 0.147 , 2.5
2947412.0 , 0.026 , 0.0 , 9.26 , 0.147 , 2.5
2947422.0 , 0.0282 , 0.0 , 9.259 , 0.147 , 2.5
2947432.0 , 0.0345 , 0.0 , 9.258 , 0.147 , 2.5
2947442.0 , 0.0246 , 0.0 , 9.257 , 0.147 , 2.5
2947452.0 , 0.027 , 0.0 , 9.255 , 0.147 , 2.5
2947462.0 , 0.029 , 0.0 , 9.254 , 0.147 , 2.5
2947472.0 , 0.0363 , 0.0 , 9.254 , 0.147 , 2.5
2947482.0 , 0.0326 , 0.0 , 9.252 , 0.147 , 2.5
2947492.0 , 0.0291 , 0.0 , 9.252 , 0.147 , 2.5
2947502.0 , 0.0285 , 0.0 , 9.251 , 0.147 , 2.5
2947512.0 , 0.0328 , 0.0 , 9.25 , 0.147 , 2.5
2947522.0 , 0.036 , 0.0 , 9.25 , 0.147 , 2.5
2947532.0 , 0.0346 , 0.0 , 9.249 , 0.147 , 2.5
2947542.0 , 0.0312 , 0.0 , 9.247 , 0.147 , 2.5
2947552.0 , 0.0294 , 0.0 , 9.245 , 0.147 , 2.5
2947562.0 , 0.029 , 0.0 , 9.244 , 0.147 , 2.5
2947572.0 , 0.0326 , 0.0 , 9.243 , 0.147 , 2.5
2947582.0 , 0.0307 , 0.0 , 9.243 , 0.147 , 2.5
2947592.0 , 0.0271 , 0.0 , 9.242 , 0.147 , 2.5
2947602.0 , 0.0303 , 0.0 , 9.241 , 0.147 , 2.5
2947612.0 , 0.0264 , 0.0 , 9.24 , 0.147 , 2.5
2947622.0 , 0.0226 , 0.0 , 9.239 , 0.147 , 2.5
2947632.0 , 0.0301 , 0.0 , 9.237 , 0.147 , 2.5
2947642.0 , 0.0352 , 0.0 , 9.237 , 0.147 , 2.5
2947652.0 , 0.0279 , 0.0 , 9.235 , 0.147 , 2.5
2947662.0 , 0.0265 , 0.0 , 9.233 , 0.147 , 2.5
2947672.0 , 0.0269 , 0.0 , 9.232 , 0.147 , 2.5
2947682.0 , 0.0257 , 0.0 , 9.231 , 0.147 , 2.5
2947692.0 , 0.0292 , 0.0 , 9.231 , 0.147 , 2.5
2947702.0 , 0.0389 , 0.0 , 9.231 , 0.147 , 2.5
2947712.0 , 0.0386 , 0.0 , 9.23 , 0.147 , 2.5
2947722.0 , 0.0361 , 0.0 , 9.23 , 0.147 , 2.5
2947732.0 , 0.0224 , 0.0 , 9.229 , 0.147 , 2.5
2947742.0 , 0.0347 , 0.0 , 9.228 , 0.147 , 2.5
2947752.0 , 0.0285 , 0.0 , 9.228 , 0.147 , 2.5
2947762.0 , 0.0287 , 0.0 , 9.226 , 0.147 , 2.5
2947772.0 , 0.0335 , 0.0 , 9.226 , 0.147 , 2.5
2947782.0 , 0.0298 , 0.0 , 9.225 , 0.147 , 2.5
2947792.0 , 0.0339 , 0.0 , 9.223 , 0.147 , 2.5
2947802.0 , 0.0283 , 0.0 , 9.223 , 0.147 , 2.5
2947812.0 , 0.0341 , 0.0 , 9.223 , 0.147 , 2.5
2947822.0 , 0.0334 , 0.0 , 9.221 , 0.147 , 2.5
2947832.0 , 0.0274 , 0.0 , 9.221 , 0.147 , 2.5
2947842.0 , 0.0319 , 0.0 , 9.22 , 0.147 , 2.5
2947852.0 , 0.0335 , 0.0 , 9.219 , 0.147 , 2.5
2947862.0 , 0.0286 , 0.0 , 9.219 , 0.147 , 2.5
2947872.0 , 0.0277 , 0.0 , 9.218 , 0.147 , 2.5
2947882.0 , 0.0312 , 0.0 , 9.217 , 0.147 , 2.5
2947892.0 , 0.0327 , 0.0 , 9.216 , 0.147 , 2.5
2947902.0 , 0.025 , 0.0 , 9.216 , 0.147 , 2.5
2947912.0 , 0.0317 , 0.0 , 9.215 , 0.147 , 2.5
2947922.0 , 0.0283 , 0.0 , 9.215 , 0.147 , 2.5
2947932.0 , 0.0357 , 0.0 , 9.214 , 0.147 , 2.5
2947942.0 , 0.0305 , 0.0 , 9.212 , 0.147 , 2.5
2947952.0 , 0.0286 , 0.0 , 9.21 , 0.147 , 2.5
2947962.0 , 0.0329 , 0.0 , 9.209 , 0.147 , 2.5
2947972.0 , 0.0326 , 0.0 , 9.208 , 0.147 , 2.5
2947982.0 , 0.032 , 0.0 , 9.208 , 0.147 , 2.5
2947992.0 , 0.0306 , 0.0 , 9.208 , 0.147 , 2.5
2948002.0 , 0.0352 , 0.0 , 9.207 , 0.147 , 2.5
2948012.0 , 0.0348 , 0.0 , 9.206 , 0.147 , 2.5
2948022.0 , 0.0257 , 0.0 , 9.205 , 0.147 , 2.5
2948032.0 , 0.0281 , 0.0 , 9.205 , 0.147 , 2.5
2948042.0 , 0.0388 , 0.0 , 9.202 , 0.147 , 2.5
2948052.0 , 0.0337 , 0.0 , 9.2 , 0.147 , 2.5
2948062.0 , 0.0277 , 0.0 , 9.199 , 0.147 , 2.5
2948072.0 , 0.028 , 0.0 , 9.198 , 0.147 , 2.5
2948082.0 , 0.0359 , 0.0 , 9.198 , 0.147 , 2.5
2948092.0 , 0.0314 , 0.0 , 9.198 , 0.147 , 2.5
2948102.0 , 0.0303 , 0.0 , 9.197 , 0.147 , 2.5
2948112.0 , 0.0372 , 0.0 , 9.197 , 0.147 , 2.5
2948122.0 , 0.0341 , 0.0 , 9.196 , 0.147 , 2.5
2948132.0 , 0.0345 , 0.0 , 9.195 , 0.147 , 2.5
2948142.0 , 0.0293 , 0.0 , 9.194 , 0.147 , 2.5
2948152.0 , 0.0231 , 0.0 , 9.194 , 0.147 , 2.5
2948162.0 , 0.0316 , 0.0 , 9.193 , 0.147 , 2.5
2948172.0 , 0.0311 , 0.0 , 9.192 , 0.147 , 2.5
2948182.0 , 0.0293 , 0.0 , 9.19 , 0.147 , 2.5
2948192.0 , 0.0321 , 0.0 , 9.19 , 0.147 , 2.5
2948202.0 , 0.0241 , 0.0 , 9.19 , 0.147 , 2.5
2948212.0 , 0.0299 , 0.0 , 9.188 , 0.147 , 2.5
2948222.0 , 0.0364 , 0.0 , 9.187 , 0.147 , 2.5
2948232.0 , 0.0309 , 0.0 , 9.186 , 0.147 , 2.5
2948242.0 , 0.0278 , 0.0 , 9.187 , 0.147 , 2.5
2948252.0 , 0.0176 , 0.0 , 9.185 , 0.147 , 2.5
2948262.0 , 0.0321 , 0.0 , 9.185 , 0.147 , 2.5
2948272.0 , 0.0272 , 0.0 , 9.185 , 0.147 , 2.5
2948282.0 , 0.0339 , 0.0 , 9.184 , 0.147 , 2.5
2948292.0 , 0.033 , 0.0 , 9.183 , 0.147 , 2.5
2948302.0 , 0.0258 , 0.0 , 9.181 , 0.147 , 2.5
2948312.0 , 0.0322 , 0.0 , 9.18 , 0.147 , 2.5
2948322.0 , 0.0324 , 0.0 , 9.18 , 0.147 , 2.5
2948332.0 , 0.03 , 0.0 , 9.179 , 0.147 , 2.5
2948342.0 , 0.0276 , 0.0 , 9.179 , 0.147 , 2.5
2948352.0 , 0.0269 , 0.0 , 9.179 , 0.147 , 2.5
2948362.0 , 0.0274 , 0.0 , 9.179 , 0.147 , 2.5
2948372.0 , 0.0277 , 0.0 , 9.179 , 0.147 , 2.5
2948382.0 , 0.0316 , 0.0 , 9.178 , 0.147 , 2.5
2948392.0 , 0.0325 , 0.0 , 9.177 , 0.147 , 2.5
2948402.0 , 0.0314 , 0.0 , 9.175 , 0.147 , 2.5
2948412.0 , 0.0304 , 0.0 , 9.173 , 0.147 , 2.5
2948422.0 , 0.0272 , 0.0 , 9.172 , 0.147 , 2.5
2948432.0 , 0.0316 , 0.0 , 9.172 , 0.147 , 2.5
2948442.0 , 0.0287 , 0.0 , 9.172 , 0.147 , 2.5
2948452.0 , 0.0294 , 0.0 , 9.171 , 0.147 , 2.5
2948462.0 , 0.0367 , 0.0 , 9.17 , 0.147 , 2.5
2948472.0 , 0.0288 , 0.0 , 9.169 , 0.147 , 2.5
2948482.0 , 0.0293 , 0.0 , 9.169 , 0.147 , 2.5
2948492.0 , 0.0313 , 0.0 , 9.169 , 0.147 , 2.5
2948502.0 , 0.0279 , 0.0 , 9.167 , 0.147 , 2.5
2948512.0 , 0.0312 , 0.0 , 9.166 , 0.147 , 2.5
2948522.0 , 0.0282 , 0.0 , 9.165 , 0.147 , 2.5
2948532.0 , 0.0353 , 0.0 , 9.164 , 0.147 , 2.5
2948542.0 , 0.0345 , 0.0 , 9.164 , 0.147 , 2.5
2948552.0 , 0.0285 , 0.0 , 9.164 , 0.147 , 2.5
2948562.0 , 0.0266 , 0.0 , 9.163 , 0.147 , 2.5
2948572.0 , 0.0285 , 0.0 , 9.163 , 0.147 , 2.5
2948582.0 , 0.0288 , 0.0 , 9.161 , 0.147 , 2.5
2948592.0 , 0.0323 , 0.0 , 9.159 , 0.147 , 2.5
2948602.0 , 0.0247 , 0.0 , 9.159 , 0.147 , 2.5
2948612.0 , 0.0319 , 0.0 , 9.158 , 0.147 , 2.5
2948622.0 , 0.0281 , 0.0 , 9.157 , 0.147 , 2.5
2948632.0 , 0.0297 , 0.0 , 9.157 , 0.147 , 2.5
2948642.0 , 0.0317 , 0.0 , 9.156 , 0.147 , 2.5
2948652.0 , 0.0344 , 0.0 , 9.155 , 0.147 , 2.5
2948662.0 , 0.0311 , 0.0 , 9.155 , 0.147 , 2.5
2948672.0 , 0.0267 , 0.0 , 9.154 , 0.147 , 2.5
2948682.0 , 0.0328 , 0.0 , 9.153 , 0.147 , 2.5
2948692.0 , 0.0315 , 0.0 , 9.152 , 0.147 , 2.5
2948702.0 , 0.0314 , 0.0 , 9.151 , 0.147 , 2.5
2948712.0 , 0.0303 , 0.0 , 9.151 , 0.147 , 2.5
2948722.0 , 0.0259 , 0.0 , 9.151 , 0.147 , 2.5
2948732.0 , 0.035 , 0.0 , 9.15 , 0.147 , 2.5
2948742.0 , 0.0346 , 0.0 , 9.15 , 0.147 , 2.5
2948752.0 , 0.0298 , 0.0 , 9.15 , 0.147 , 2.5
2948762.0 , 0.0304 , 0.0 , 9.15 , 0.147 , 2.5
2948772.0 , 0.0301 , 0.0 , 9.15 , 0.147 , 2.5
2948782.0 , 0.0298 , 0.0 , 9.149 , 0.147 , 2.5
2948792.0 , 0.0389 , 0.0 , 9.146 , 0.147 , 2.5
2948802.0 , 0.0274 , 0.0 , 9.145 , 0.147 , 2.5
2948812.0 , 0.0323 , 0.0 , 9.144 , 0.147 , 2.5
2948822.0 , 0.0317 , 0.0 , 9.143 , 0.147 , 2.5
2948832.0 , 0.0309 , 0.0 , 9.143 , 0.147 , 2.5
2948842.0 , 0.0314 , 0.0 , 9.143 , 0.147 , 2.5
2948852.0 , 0.0253 , 0.0 , 9.143 , 0.147 , 2.5
2948862.0 , 0.0234 , 0.0 , 9.142 , 0.147 , 2.5
2948872.0 , 0.031 , 0.0 , 9.141 , 0.147 , 2.5
2948882.0 , 0.0336 , 0.0 , 9.141 , 0.147 , 2.5
2948892.0 , 0.0349 , 0.0 , 9.14 , 0.147 , 2.5
2948902.0 , 0.0271 , 0.0 , 9.138 , 0.147 , 2.5
2948912.0 , 0.0337 , 0.0 , 9.136 , 0.147 , 2.5
2948922.0 , 0.0374 , 0.0 , 9.136 , 0.147 , 2.5
2948932.0 , 0.0294 , 0.0 , 9.134 , 0.147 , 2.5
2948942.0 , 0.0305 , 0.0 , 9.134 , 0.147 , 2.5
2948952.0 , 0.031 , 0.0 , 9.134 , 0.147 , 2.5
2948962.0 , 0.0273 , 0.0 , 9.133 , 0.147 , 2.5
2948972.0 , 0.0287 , 0.0 , 9.133 , 0.147 , 2.5
2948982.0 , 0.0333 , 0.0 , 9.132 , 0.147 , 2.5
2948992.0 , 0.0258 , 0.0 , 9.132 , 0.147 , 2.5
2949002.0 , 0.0281 , 0.0 , 9.132 , 0.147 , 2.5
2949012.0 , 0.0308 , 0.0 , 9.131 , 0.147 , 2.5
2949022.0 , 0.0349 , 0.0 , 9.131 , 0.147 , 2.5
2949032.0 , 0.03 , 0.0 , 9.13 , 0.147 , 2.5
2949042.0 , 0.0344 , 0.0 , 9.129 , 0.147 , 2.5
2949052.0 , 0.0202 , 0.0 , 9.129 , 0.147 , 2.5
2949062.0 , 0.0299 , 0.0 , 9.129 , 0.147 , 2.5
2949072.0 , 0.0284 , 0.0 , 9.129 , 0.147 , 2.5
2949082.0 , 0.0335 , 0.0 , 9.128 , 0.147 , 2.5
2949092.0 , 0.0351 , 0.0 , 9.127 , 0.147 , 2.5
2949102.0 , 0.0317 , 0.0 , 9.125 , 0.147 , 2.5
2949112.0 , 0.0307 , 0.0 , 9.125 , 0.147 , 2.5
2949122.0 , 0.033 , 0.0 , 9.124 , 0.147 , 2.5
2949132.0 , 0.0345 , 0.0 , 9.123 , 0.147 , 2.5
2949142.0 , 0.0276 , 0.0 , 9.123 , 0.147 , 2.5
2949152.0 , 0.0269 , 0.0 , 9.122 , 0.147 , 2.5
2949162.0 , 0.0362 , 0.0 , 9.12 , 0.147 , 2.5
2949172.0 , 0.0369 , 0.0 , 9.12 , 0.147 , 2.5
2949182.0 , 0.0336 , 0.0 , 9.118 , 0.147 , 2.5
2949192.0 , 0.0406 , 0.0 , 9.117 , 0.147 , 2.5
2949202.0 , 0.0246 , 0.0 , 9.117 , 0.147 , 2.5
2949212.0 , 0.0268 , 0.0 , 9.116 , 0.147 , 2.5
2949222.0 , 0.0339 , 0.0 , 9.116 , 0.147 , 2.5
2949232.0 , 0.0293 , 0.0 , 9.115 , 0.147 , 2.5
2949242.0 , 0.0317 , 0.0 , 9.115 , 0.147 , 2.5
2949252.0 , 0.0284 , 0.0 , 9.115 , 0.147 , 2.5
2949262.0 , 0.0316 , 0.0 , 9.114 , 0.147 , 2.5
2949272.0 , 0.0254 , 0.0 , 9.113 , 0.147 , 2.5
2949282.0 , 0.029 , 0.0 , 9.113 , 0.147 , 2.5
2949292.0 , 0.0345 , 0.0 , 9.113 , 0.147 , 2.5
2949302.0 , 0.0356 , 0.0 , 9.113 , 0.147 , 2.5
2949312.0 , 0.0363 , 0.0 , 9.112 , 0.147 , 2.5
2949322.0 , 0.0291 , 0.0 , 9.112 , 0.147 , 2.5
2949332.0 , 0.0312 , 0.0 , 9.111 , 0.147 , 2.5
2949342.0 , 0.0288 , 0.0 , 9.111 , 0.147 , 2.5
2949352.0 , 0.0307 , 0.0 , 9.11 , 0.147 , 2.5
2949362.0 , 0.0334 , 0.0 , 9.109 , 0.147 , 2.5
2949372.0 , 0.0273 , 0.0 , 9.108 , 0.147 , 2.5
2949382.0 , 0.0342 , 0.0 , 9.108 , 0.147 , 2.5
2949392.0 , 0.0277 , 0.0 , 9.108 , 0.147 , 2.5
2949402.0 , 0.0245 , 0.0 , 9.106 , 0.147 , 2.5
2949412.0 , 0.038 , 0.0 , 9.105 , 0.147 , 2.5
2949422.0 , 0.0331 , 0.0 , 9.104 , 0.147 , 2.5
2949432.0 , 0.0352 , 0.0 , 9.103 , 0.147 , 2.5
2949442.0 , 0.0374 , 0.0 , 9.102 , 0.147 , 2.5
2949452.0 , 0.0347 , 0.0 , 9.102 , 0.147 , 2.5
2949462.0 , 0.0309 , 0.0 , 9.101 , 0.147 , 2.5
2949472.0 , 0.0293 , 0.0 , 9.1 , 0.147 , 2.5
2949482.0 , 0.034 , 0.0 , 9.1 , 0.147 , 2.5
2949492.0 , 0.0351 , 0.0 , 9.1 , 0.147 , 2.5
2949502.0 , 0.0314 , 0.0 , 9.099 , 0.147 , 2.5
2949512.0 , 0.0318 , 0.0 , 9.099 , 0.147 , 2.5
2949522.0 , 0.031 , 0.0 , 9.097 , 0.147 , 2.5
